timestamp,device_millis,ppg_bpm,motion_magnitude,ecg_bpm,ecg_leads_off,skin_temp,fatigue_alert,ecg_hrv,marked,finger_detected,wifi_connected
2026-09-14T05:47:27.315037,4095,0,9.80,0,0,31.9,0,0.0,0,1,1
2026-09-14T05:47:28.321185,5101,0,11.05,165,0,31.9,0,0.0,0,1,1
2026-09-14T05:47:29.326819,6107,0,8.88,94,0,32.1,0,271.0,0,1,1
2026-09-14T05:47:30.333353,7113,0,9.42,94,0,32.1,0,271.0,0,1,1
2026-09-14T05:47:31.338978,8119,0,9.62,94,0,32.3,0,271.0,0,1,1
2026-09-14T05:47:32.345444,9125,0,9.57,94,0,32.3,0,271.0,0,1,1
2026-09-14T05:47:33.353350,10131,0,9.43,175,0,32.6,0,1093.3,0,1,1
2026-09-14T05:47:34.359801,11137,73,9.50,99,0,32.6,0,724.2,0,1,1
2026-09-14T05:47:35.365456,12143,71,9.59,69,0,32.9,0,647.2,0,1,1
2026-09-14T05:47:36.371942,13149,65,9.59,96,0,32.9,0,589.1,0,1,1
2026-09-14T05:47:37.377577,14155,71,9.45,96,0,33.1,0,589.1,0,1,1
2026-09-14T05:47:38.384113,15161,71,9.59,96,0,33.1,0,589.1,0,1,1
2026-09-14T05:47:39.389737,16167,61,9.60,76,0,33.1,0,573.4,0,1,1
2026-09-14T05:47:40.396280,17173,61,9.58,165,0,33.1,0,335.9,0,1,1
2026-09-14T05:47:41.401888,18179,61,9.56,90,0,33.2,0,373.0,0,1,1
2026-09-14T05:47:42.409152,19185,61,9.59,90,0,33.2,0,373.0,0,1,1
2026-09-14T05:47:44.883214,21660,61,9.55,90,0,33.6,0,373.0,0,1,1
2026-09-14T05:47:45.887523,22666,61,9.55,90,0,33.6,0,373.0,0,1,1
2026-09-14T05:47:46.895253,23672,61,9.61,90,0,33.7,0,373.0,0,1,1
2026-09-14T05:47:47.901878,24678,61,9.57,198,0,33.7,0,381.6,0,1,1
2026-09-14T05:47:48.908416,25685,61,9.58,90,0,33.8,0,395.9,0,1,1
2026-09-14T05:47:49.914011,26690,61,8.93,119,0,33.8,0,453.4,0,1,1
2026-09-14T05:47:50.920658,27697,61,9.60,135,0,33.7,0,396.0,0,1,1
2026-09-14T05:47:51.926060,28702,61,9.50,56,0,33.7,0,358.7,0,1,1
2026-09-14T05:47:52.932990,29709,61,9.54,76,0,33.9,0,367.4,0,1,1
2026-09-14T05:47:53.938331,30714,61,9.68,199,0,33.9,0,338.7,0,1,1
2026-09-14T05:47:54.944844,31721,61,9.71,87,0,33.9,0,324.6,0,1,1
2026-09-14T05:47:55.951380,32727,61,9.66,72,0,33.9,0,336.0,0,1,1
2026-09-14T05:47:56.957040,33733,61,9.54,59,0,34.0,0,272.9,0,1,1
2026-09-14T05:47:57.963598,34739,61,9.49,59,0,34.0,0,272.9,0,1,1
2026-09-14T05:47:58.969213,35745,61,9.54,31,0,34.0,0,330.4,0,1,1
2026-09-14T05:47:59.975694,36751,61,9.47,102,0,34.0,0,477.4,0,1,1
2026-09-14T05:48:00.981427,37757,61,9.64,102,0,34.1,0,477.4,0,1,1
2026-09-14T05:48:01.987811,38763,61,9.55,40,0,34.1,0,546.3,0,1,1
2026-09-14T05:48:02.993520,39769,61,9.64,157,0,34.1,0,626.7,0,1,1
2026-09-14T05:48:04.745230,41520,61,9.56,157,0,34.1,0,626.7,0,1,1
2026-09-14T05:48:05.751099,42526,61,9.63,64,0,34.1,0,678.6,0,1,1
2026-09-14T05:48:06.757195,43532,61,9.60,135,0,34.1,0,472.1,0,1,1
2026-09-14T05:48:07.763233,44538,61,9.56,66,0,34.2,0,495.0,0,1,1
2026-09-14T05:48:08.769305,45544,61,9.83,63,0,34.2,0,374.0,0,1,1
2026-09-14T05:48:09.775359,46550,61,9.64,63,0,34.2,0,299.4,0,1,1
2026-09-14T05:48:10.781490,47556,61,9.83,63,0,34.2,0,299.4,0,1,1
2026-09-14T05:48:11.787541,48562,61,9.67,63,0,34.3,0,299.4,0,1,1
2026-09-14T05:48:12.793581,49568,61,9.53,63,0,34.3,0,299.4,0,1,1
2026-09-14T05:48:13.799653,50574,61,9.54,63,0,34.2,0,299.4,0,1,1
2026-09-14T05:48:14.803610,51580,61,9.57,63,0,34.2,0,299.4,0,1,1
2026-09-14T05:48:15.811781,52586,61,9.62,63,0,34.2,0,299.4,0,1,1
2026-09-14T05:48:16.817890,53592,61,9.53,62,0,34.2,0,221.7,0,1,1
2026-09-14T05:48:17.823964,54598,61,9.54,62,0,34.4,0,221.7,0,1,1
2026-09-14T05:48:18.830062,55604,61,9.58,106,0,34.4,0,253.0,0,1,1
2026-09-14T05:48:19.836101,56610,61,9.50,76,0,34.4,0,284.6,0,1,1
2026-09-14T05:48:20.842164,57616,61,9.52,54,0,34.4,0,264.4,0,1,1
2026-09-14T05:48:21.849251,58623,61,9.59,51,0,34.4,0,267.4,0,1,1
2026-09-14T05:48:22.855333,59629,61,9.59,69,0,34.4,0,310.4,0,1,1
2026-09-14T05:48:24.810617,61584,61,9.50,69,0,34.4,0,310.4,0,1,1
2026-09-14T05:48:25.813598,62587,61,9.60,113,0,34.4,0,355.4,0,1,1
2026-09-14T05:48:26.819706,63593,61,10.09,78,0,34.4,0,328.7,0,1,1
2026-09-14T05:48:27.825650,64599,61,9.54,45,0,34.4,0,291.3,0,1,1
2026-09-14T05:48:28.831713,65605,61,9.65,55,0,34.4,0,294.0,0,1,1
2026-09-14T05:48:29.836719,66612,61,9.72,55,0,34.6,0,294.0,0,1,1
2026-09-14T05:48:30.844889,67618,61,9.51,30,0,34.6,0,371.6,0,1,1
2026-09-14T05:48:31.851076,68624,61,9.58,156,0,34.5,0,544.0,0,1,1
2026-09-14T05:48:32.857029,69630,61,9.47,65,0,34.5,0,538.9,0,1,1
2026-09-14T05:48:33.863180,70636,61,9.57,157,0,34.4,0,535.0,0,1,1
2026-09-14T05:48:34.869261,71642,61,9.49,116,0,34.4,0,453.0,0,1,1
2026-09-14T05:48:35.876227,72649,61,9.66,66,0,34.5,0,295.9,0,1,1
2026-09-14T05:48:36.882302,73655,61,9.64,66,0,34.5,0,351.1,0,1,1
2026-09-14T05:48:37.888455,74661,61,9.65,124,0,34.6,0,355.1,0,1,1
2026-09-14T05:48:38.894449,75667,61,9.54,74,0,34.6,0,324.6,0,1,1
2026-09-14T05:48:39.900547,76673,61,9.51,74,0,34.5,0,324.6,0,1,1
2026-09-14T05:48:40.907634,77680,61,9.46,74,0,34.5,0,324.6,0,1,1
2026-09-14T05:48:41.913698,78686,61,9.51,74,0,34.6,0,324.6,0,1,1
2026-09-14T05:48:42.919792,79692,61,9.64,74,0,34.6,0,324.6,0,1,1
2026-09-14T05:48:44.791081,81563,61,9.41,74,0,34.7,0,324.6,0,1,1
2026-09-14T05:48:45.797955,82570,61,9.82,74,0,34.6,0,324.6,0,1,1
2026-09-14T05:48:46.804152,83576,61,9.77,132,0,34.6,0,327.3,0,1,1
2026-09-14T05:48:47.810144,84582,61,9.35,74,0,34.6,0,349.1,0,1,1
2026-09-14T05:48:48.816189,85588,61,9.17,74,0,34.6,0,349.1,0,1,1
2026-09-14T05:48:49.822283,86594,61,9.26,74,0,34.8,0,349.1,0,1,1
2026-09-14T05:48:50.828312,87600,61,9.42,74,0,34.8,0,349.1,0,1,1
2026-09-14T05:48:51.835415,88607,61,9.69,55,0,34.7,0,333.7,0,1,1
2026-09-14T05:48:52.841491,89613,61,9.92,58,0,34.7,0,297.9,0,1,1
2026-09-14T05:48:53.847616,90619,61,9.60,165,0,34.8,0,290.4,0,1,1
2026-09-14T05:48:54.853649,91625,61,9.47,96,0,34.8,0,281.9,0,1,1
2026-09-14T05:48:55.859795,92631,61,9.58,110,0,34.9,0,255.9,0,1,1
2026-09-14T05:48:56.866817,93638,61,9.59,186,0,34.9,0,238.6,0,1,1
2026-09-14T05:48:57.872838,94644,61,9.58,85,0,34.7,0,233.1,0,1,1
2026-09-14T05:48:58.878940,95650,61,9.54,165,0,34.7,0,212.9,0,1,1
2026-09-14T05:48:59.885027,96656,61,9.63,165,0,34.9,0,212.9,0,1,1
2026-09-14T05:49:00.892041,97663,61,9.18,39,0,34.9,0,336.4,0,1,1
2026-09-14T05:49:01.898112,98669,61,9.63,85,0,34.9,0,442.6,0,1,1
2026-09-14T05:49:02.904218,99675,61,9.60,62,0,34.9,0,386.7,0,1,1
2026-09-14T05:49:04.857052,101628,61,9.58,62,0,34.8,0,386.7,0,1,1
2026-09-14T05:49:05.862459,102633,61,9.67,62,0,34.8,0,386.7,0,1,1
2026-09-14T05:49:06.869105,103640,61,9.60,62,0,34.8,0,386.7,0,1,1
2026-09-14T05:49:07.875589,104646,61,9.60,37,0,34.8,0,461.3,0,1,1
2026-09-14T05:49:08.881222,105652,61,9.54,37,0,34.9,0,461.3,0,1,1
2026-09-14T05:49:09.887838,106658,61,9.58,124,0,34.9,0,632.3,0,1,1
2026-09-14T05:49:10.894396,107665,61,9.64,124,0,34.9,0,632.3,0,1,1
2026-09-14T05:49:11.899963,108670,61,9.57,35,0,34.9,0,641.1,0,1,1
2026-09-14T05:49:12.906624,109677,61,9.67,35,0,34.9,0,641.1,0,1,1
2026-09-14T05:49:13.913131,110683,61,9.51,198,0,34.9,0,697.3,0,1,1
2026-09-14T05:49:14.918727,111689,61,9.48,43,0,34.9,0,840.7,0,1,1
2026-09-14T05:49:15.925272,112695,61,9.38,59,0,34.9,0,800.4,0,1,1
2026-09-14T05:49:16.931831,113702,61,9.72,60,0,34.9,0,773.3,0,1,1
2026-09-14T05:49:17.937488,114707,61,9.76,60,0,34.9,0,773.3,0,1,1
2026-09-14T05:49:18.943951,115714,78,9.19,33,0,34.9,0,701.4,0,1,1
2026-09-14T05:49:19.950523,116720,78,9.67,46,0,34.9,0,600.7,0,1,1
2026-09-14T05:49:20.956152,117726,78,9.63,46,0,34.9,0,600.7,0,1,1
2026-09-14T05:49:21.962596,118732,78,9.55,99,0,34.9,0,514.3,0,1,1
2026-09-14T05:49:22.968248,119738,78,9.54,62,0,34.7,0,413.7,0,1,1
2026-09-14T05:49:24.840006,121609,78,9.52,62,0,34.7,0,413.7,0,1,1
2026-09-14T05:49:25.846906,122616,78,9.53,62,0,34.9,0,413.7,0,1,1
2026-09-14T05:49:26.853014,123622,78,9.53,62,0,34.9,0,413.7,0,1,1
2026-09-14T05:49:27.859095,124628,78,9.59,186,0,34.7,0,454.0,0,1,1
2026-09-14T05:49:28.865141,125634,64,9.55,186,0,34.7,0,454.0,0,1,1
2026-09-14T05:49:29.871367,126640,64,9.68,96,0,34.9,0,704.3,0,1,1
2026-09-14T05:49:30.877310,127646,63,9.62,57,0,34.9,0,690.1,0,1,1
2026-09-14T05:49:31.883384,128652,63,9.59,175,0,34.9,0,782.3,0,1,1
2026-09-14T05:49:32.889738,129658,63,9.62,90,0,34.9,0,739.1,0,1,1
2026-09-14T05:49:33.896525,130665,63,9.58,99,0,34.9,0,655.7,0,1,1
2026-09-14T05:49:34.902618,131671,63,9.47,110,0,34.9,0,373.6,0,1,1
2026-09-14T05:49:35.908667,132677,63,9.74,110,0,34.9,0,373.6,0,1,1
2026-09-14T05:49:36.914715,133683,63,9.56,110,0,34.9,0,373.6,0,1,1
2026-09-14T05:49:37.920863,134689,63,9.67,110,0,34.9,0,373.6,0,1,1
2026-09-14T05:49:38.926859,135695,46,9.42,110,0,34.9,1,373.6,0,1,1
2026-09-14T05:49:39.933914,136702,42,9.70,38,0,34.9,1,456.6,0,1,1
2026-09-14T05:49:40.940092,137708,42,9.77,142,0,34.9,1,436.4,1,1,1
2026-09-14T05:49:41.946112,138714,42,9.75,199,0,35.1,1,497.3,1,1,1
2026-09-14T05:49:42.952179,139720,42,9.50,53,0,35.1,1,575.1,1,1,1
2026-09-14T05:49:44.803422,141571,42,9.51,53,0,34.9,1,575.1,1,1,1
2026-09-14T05:49:45.809361,142577,42,9.59,53,0,35.0,1,575.1,1,1,1
2026-09-14T05:49:46.816433,143584,47,9.58,69,0,35.0,1,563.9,1,1,1
2026-09-14T05:49:47.822545,144590,66,9.65,52,0,34.9,0,460.6,1,1,1
2026-09-14T05:49:48.828547,145596,63,9.21,52,0,34.9,0,460.6,1,1,1
2026-09-14T05:49:49.834640,146602,74,9.82,52,0,35.0,0,460.6,0,1,1
2026-09-14T05:49:50.840729,147608,74,9.81,52,0,35.0,0,460.6,0,1,1
2026-09-14T05:49:51.846761,148614,66,9.55,157,0,34.9,0,408.9,0,1,1
2026-09-14T05:49:52.852865,149620,61,9.55,62,0,34.9,0,449.0,0,1,1
2026-09-14T05:49:53.858932,150626,71,9.42,67,0,34.9,0,400.0,0,1,1
2026-09-14T05:49:54.866029,151633,71,9.81,102,0,34.9,0,322.1,0,1,1
2026-09-14T05:49:55.872144,152639,71,9.70,110,0,34.9,0,287.7,0,1,1
2026-09-14T05:49:56.878176,153645,64,9.70,43,0,34.9,0,351.1,0,1,1
2026-09-14T05:49:57.884234,154651,73,9.57,76,0,34.9,0,380.0,0,1,1
2026-09-14T05:49:58.890367,155657,76,9.61,132,0,34.9,0,344.0,0,1,1
2026-09-14T05:49:59.896376,156663,73,9.57,132,0,34.7,0,344.0,0,1,1
2026-09-14T05:50:00.902504,157669,73,9.60,132,0,34.7,0,344.0,0,1,1
2026-09-14T05:50:01.909538,158676,76,9.68,132,0,34.8,0,344.0,0,1,1
2026-09-14T05:50:02.915585,159682,76,9.62,31,0,34.8,0,540.9,0,1,1
2026-09-14T05:50:04.767903,161534,76,9.60,31,0,34.7,0,540.9,0,1,1
2026-09-14T05:50:05.773803,162540,76,9.55,31,0,34.7,0,540.9,0,1,1
2026-09-14T05:50:06.780280,163546,76,9.64,124,0,34.7,0,667.3,0,1,1
2026-09-14T05:50:07.785959,164552,76,9.55,175,0,34.9,0,609.6,0,1,1
2026-09-14T05:50:08.792054,165558,76,9.58,87,0,34.9,0,575.0,0,1,1
2026-09-14T05:50:09.798063,166564,76,9.70,62,0,34.7,0,567.7,0,1,1
2026-09-14T05:50:10.805140,167571,76,9.50,60,0,34.7,0,362.1,0,1,1
2026-09-14T05:50:11.811312,168577,64,9.67,93,0,34.9,0,207.0,0,1,1
2026-09-14T05:50:12.817325,169583,60,9.75,124,0,34.9,0,175.6,0,1,1
2026-09-14T05:50:13.823746,170589,55,9.53,124,0,34.8,0,175.6,0,1,1
2026-09-14T05:50:14.829517,171595,49,9.59,124,0,34.8,1,175.6,0,1,1
2026-09-14T05:50:15.835541,172601,57,9.99,124,0,34.7,0,175.6,1,1,1
2026-09-14T05:50:16.842660,173608,57,9.80,48,0,34.7,0,235.9,1,1,1
2026-09-14T05:50:17.848723,174614,57,9.55,186,0,34.7,0,325.1,1,1,1
2026-09-14T05:50:18.854852,175620,57,9.58,110,0,34.7,0,356.9,0,1,1
2026-09-14T05:50:19.861479,176626,57,9.66,72,0,34.7,0,382.4,0,1,1
2026-09-14T05:50:20.866926,177632,57,9.51,69,0,34.7,0,382.3,0,1,1
2026-09-14T05:50:21.873010,178638,57,9.68,85,0,34.7,0,364.7,0,1,1
2026-09-14T05:50:22.879094,179644,61,10.09,55,0,34.7,0,333.3,0,1,1
2026-09-14T05:50:24.851335,181616,61,9.11,55,0,34.7,0,333.3,1,1,1
2026-09-14T05:50:25.857269,182622,61,9.71,55,0,34.7,0,333.3,0,1,1
2026-09-14T05:50:26.864358,183629,61,9.58,157,0,34.7,0,299.0,0,1,1
2026-09-14T05:50:27.870381,184635,61,9.75,80,0,34.8,0,345.1,0,1,1
2026-09-14T05:50:28.876545,185641,61,9.45,135,0,34.8,0,301.9,0,1,1
2026-09-14T05:50:29.882541,186647,61,9.36,135,0,34.9,0,186.6,0,1,1
2026-09-14T05:50:30.888844,187653,61,9.57,142,0,34.9,0,195.1,0,1,1
2026-09-14T05:50:31.894700,188659,50,9.54,129,0,34.9,1,149.1,0,1,1
2026-09-14T05:50:32.900761,189665,51,9.69,160,0,34.9,1,127.4,0,1,1
2026-09-14T05:50:33.906900,190671,65,9.60,160,0,34.8,0,127.4,1,1,1
2026-09-14T05:50:34.912881,191677,65,10.01,32,0,34.8,0,327.3,0,1,1
2026-09-14T05:50:35.919019,192683,65,9.59,59,0,34.9,0,436.7,0,1,1
2026-09-14T05:50:36.925121,193689,65,9.67,186,0,34.9,0,514.3,0,1,1
2026-09-14T05:50:37.932103,194696,65,9.55,87,0,34.8,0,560.1,0,1,1
2026-09-14T05:50:38.938220,195702,65,9.59,63,0,34.8,0,567.6,0,1,1
2026-09-14T05:50:39.944317,196708,60,9.50,48,0,34.9,0,565.0,0,1,1
2026-09-14T05:50:40.950333,197714,70,9.55,96,0,34.9,0,313.4,0,1,1
2026-09-14T05:50:41.956450,198720,67,9.59,64,0,34.8,0,342.0,0,1,1
2026-09-14T05:50:42.962493,199726,61,9.67,165,0,34.8,0,339.1,0,1,1
2026-09-14T05:50:45.015308,201779,61,9.55,63,0,34.7,0,370.9,0,1,1
2026-09-14T05:50:46.021722,202785,61,9.50,63,0,34.7,0,370.9,0,1,1
2026-09-14T05:50:47.027388,203791,61,9.64,64,0,34.7,0,336.3,0,1,1
2026-09-14T05:50:48.033894,204797,61,9.50,71,0,34.7,0,307.6,0,1,1
2026-09-14T05:50:49.040522,205804,61,9.83,198,0,34.7,0,298.9,0,1,1
2026-09-14T05:50:50.045991,206809,70,9.55,59,0,34.7,0,356.4,0,1,1
2026-09-14T05:50:51.052624,207816,70,9.57,64,0,34.7,0,287.6,0,1,1
2026-09-14T05:50:52.059187,208822,63,9.37,93,0,34.7,0,244.3,0,1,1
2026-09-14T05:50:53.064833,209828,70,9.57,119,0,34.7,0,342.0,0,1,1
2026-09-14T05:50:54.071316,210834,70,9.65,93,0,34.7,0,284.6,0,1,1
2026-09-14T05:50:55.077958,211841,55,9.67,67,0,34.7,0,218.4,0,1,1
2026-09-14T05:50:56.083456,212846,55,9.54,114,0,34.7,0,241.3,0,1,1
2026-09-14T05:50:57.090165,213853,55,9.58,114,0,34.8,0,195.4,0,1,1
2026-09-14T05:50:58.096622,214859,55,8.43,90,0,34.8,0,183.7,1,1,1
2026-09-14T05:50:59.102232,215865,55,9.92,102,0,34.8,0,215.6,0,1,1
2026-09-14T05:51:00.108709,216871,54,9.61,72,0,34.8,1,250.3,0,1,1
2026-09-14T05:51:01.115395,217878,54,8.09,72,0,34.7,1,250.3,1,1,1
2026-09-14T05:51:02.120936,218883,54,9.52,34,0,34.7,1,379.4,1,1,1
2026-09-14T05:51:03.127517,219890,54,9.52,63,0,34.7,1,448.4,1,1,1
2026-09-14T05:51:04.881295,221643,54,9.62,63,0,34.7,1,448.4,1,1,1
2026-09-14T05:51:05.884146,222646,54,9.50,157,0,34.7,1,506.0,1,1,1
2026-09-14T05:51:06.891220,223653,54,9.50,56,0,34.7,1,560.6,1,1,1
2026-09-14T05:51:07.897297,224659,52,9.53,96,0,34.6,1,592.0,1,1,1
2026-09-14T05:51:08.903368,225665,54,9.59,175,0,34.6,1,609.3,1,1,1
2026-09-14T05:51:09.909480,226671,54,9.63,63,0,34.7,1,566.3,1,1,1
2026-09-14T05:51:10.915494,227677,54,9.58,93,0,34.7,1,497.4,1,1,1
2026-09-14T05:51:11.921626,228683,54,9.57,48,0,34.7,1,503.0,1,1,1
2026-09-14T05:51:12.927698,229689,54,9.48,62,0,34.7,1,445.4,1,1,1
2026-09-14T05:51:13.934728,230696,54,9.52,110,0,34.6,1,399.6,1,1,1
2026-09-14T05:51:14.940806,231702,54,9.55,102,0,34.6,1,264.3,1,1,1
2026-09-14T05:51:15.946896,232708,54,9.69,165,0,34.7,1,252.9,1,1,1
2026-09-14T05:51:16.952928,233714,54,9.52,99,0,34.7,1,253.3,1,1,1
2026-09-14T05:51:17.959103,234720,50,9.59,99,0,34.7,1,253.3,1,1,1
2026-09-14T05:51:18.965077,235726,61,9.63,33,0,34.7,0,420.1,1,1,1
2026-09-14T05:51:19.971147,236732,70,9.40,55,0,34.6,0,457.4,0,1,1
2026-09-14T05:51:20.978278,237739,70,9.53,80,0,34.6,0,492.1,0,1,1
2026-09-14T05:51:21.984283,238745,60,9.56,54,0,34.6,0,523.9,0,1,1
2026-09-14T05:51:22.990391,239751,60,9.55,199,0,34.6,0,526.7,0,1,1
2026-09-14T05:51:25.063689,241824,60,9.64,67,0,34.6,0,564.1,0,1,1
2026-09-14T05:51:26.069587,242830,60,9.53,67,0,34.6,0,564.1,0,1,1
2026-09-14T05:51:27.075763,243836,60,9.57,53,0,34.6,0,431.7,0,1,1
2026-09-14T05:51:28.081805,244842,50,9.73,96,0,34.7,1,405.9,0,1,1
2026-09-14T05:51:29.087867,245848,54,9.76,124,0,34.7,1,434.3,1,1,1
2026-09-14T05:51:30.093947,246854,54,9.64,142,0,34.7,1,368.3,1,1,1
2026-09-14T05:51:31.100042,247860,54,9.61,66,0,34.7,1,313.3,1,1,1
2026-09-14T05:51:32.107087,248867,54,9.57,70,0,34.7,1,287.3,1,1,1
2026-09-14T05:51:33.113187,249873,55,9.55,66,0,34.7,0,223.9,1,1,1
2026-09-14T05:51:34.119224,250879,55,9.65,186,0,34.7,0,183.9,0,1,1
2026-09-14T05:51:35.125424,251885,55,9.73,186,0,34.7,0,183.9,0,1,1
2026-09-14T05:51:36.131404,252891,55,9.51,144,0,34.7,0,328.1,0,1,1
2026-09-14T05:51:37.137380,253897,55,9.49,52,0,34.7,0,407.1,0,1,1
2026-09-14T05:51:38.143553,254903,63,9.60,135,0,34.7,0,491.0,0,1,1
2026-09-14T05:51:39.149548,255909,63,9.59,102,0,34.7,0,392.0,0,1,1
2026-09-14T05:51:40.156646,256916,59,9.62,67,0,34.6,0,343.7,0,1,1
2026-09-14T05:51:41.162757,257922,59,9.63,198,0,34.6,0,227.6,0,1,1
2026-09-14T05:51:42.168746,258928,50,9.58,87,0,34.7,1,276.3,0,1,1
2026-09-14T05:51:43.174830,259934,51,9.33,60,0,34.7,1,299.1,1,1,1
2026-09-14T05:51:44.926129,261685,51,9.39,60,0,34.6,1,299.1,1,1,1
2026-09-14T05:51:45.932053,262691,51,9.59,60,0,34.7,1,299.1,1,1,1
2026-09-14T05:51:46.938188,263697,51,9.54,124,0,34.7,1,296.3,1,1,1
2026-09-14T05:51:47.944266,264703,51,9.56,198,0,34.6,1,273.0,1,1,1
2026-09-14T05:51:48.950250,265709,51,9.61,96,0,34.6,1,241.3,1,1,1
2026-09-14T05:51:49.956310,266715,51,9.53,64,0,34.6,1,230.1,1,1,1
2026-09-14T05:51:50.962468,267721,50,9.67,106,0,34.6,1,241.9,1,1,1
2026-09-14T05:51:51.968463,268727,50,9.82,96,0,34.4,1,282.3,1,1,1
2026-09-14T05:51:52.975488,269734,50,9.55,62,0,34.4,1,285.3,1,1,1
2026-09-14T05:51:53.981682,270740,50,9.63,135,0,34.6,1,316.7,1,1,1
2026-09-14T05:51:54.987690,271746,50,9.55,97,0,34.6,1,291.9,1,1,1
2026-09-14T05:51:55.993845,272752,50,9.59,198,0,34.6,1,347.4,1,1,1
2026-09-14T05:51:56.999854,273758,41,9.56,165,0,34.6,1,332.7,1,1,1
2026-09-14T05:51:58.006005,274764,41,9.56,148,0,34.5,1,304.7,1,1,1
2026-09-14T05:51:59.012044,275770,41,9.69,124,0,34.5,1,296.3,1,1,1
2026-09-14T05:52:00.018073,276776,40,9.54,64,0,34.7,1,321.0,1,1,1
2026-09-14T05:52:01.025106,277783,47,9.49,63,0,34.7,1,240.6,1,1,1
2026-09-14T05:52:02.031244,278789,56,9.52,33,0,34.6,0,318.1,1,1,1
2026-09-14T05:52:03.037258,279795,65,9.62,85,0,34.6,0,499.7,0,1,1
2026-09-14T05:52:04.991074,281749,65,9.64,85,0,34.6,0,499.7,0,1,1
2026-09-14T05:52:05.995548,282753,65,9.59,110,0,34.6,0,479.9,0,1,1
2026-09-14T05:52:07.001095,283759,68,9.45,57,0,34.5,0,540.1,0,1,1
2026-09-14T05:52:08.007622,284765,69,9.55,57,0,34.5,0,540.1,0,1,1
2026-09-14T05:52:09.014279,285772,77,9.43,43,0,34.6,0,525.7,0,1,1
2026-09-14T05:52:10.019859,286777,76,9.63,142,0,34.6,0,543.1,0,1,1
2026-09-14T05:52:11.026450,287784,73,9.56,66,0,34.5,0,405.4,0,1,1
2026-09-14T05:52:12.032929,288790,71,9.62,66,0,34.5,0,405.4,0,1,1
2026-09-14T05:52:13.038600,289796,64,9.48,66,0,34.4,0,405.4,0,1,1
2026-09-14T05:52:14.045307,290802,61,9.58,186,0,34.4,0,434.1,0,1,1
2026-09-14T05:52:15.050741,291808,63,9.62,96,0,34.4,0,454.3,0,1,1
2026-09-14T05:52:16.057214,292814,59,9.44,69,0,34.4,0,417.0,0,1,1
2026-09-14T05:52:17.063913,293821,62,9.66,175,0,34.4,0,463.3,0,1,1
2026-09-14T05:52:18.069387,294826,63,9.68,96,0,34.4,0,374.0,0,1,1
2026-09-14T05:52:19.075963,295833,63,9.59,64,0,34.3,0,347.9,0,1,1
2026-09-14T05:52:20.082510,296839,63,9.61,93,0,34.3,0,342.4,0,1,1
2026-09-14T05:52:21.088131,297845,63,9.60,198,0,34.2,0,356.7,0,1,1
2026-09-14T05:52:22.094693,298851,63,9.57,63,0,34.2,0,434.3,0,1,1
2026-09-14T05:52:23.100283,299857,63,9.58,63,0,34.3,0,434.3,0,1,1
2026-09-14T05:52:24.972089,301728,63,9.59,32,0,34.3,0,474.4,0,1,1
2026-09-14T05:52:25.978982,302735,63,9.55,129,0,34.3,0,632.4,0,1,1
2026-09-14T05:52:26.985006,303741,63,9.74,71,0,34.3,0,644.0,0,1,1
2026-09-14T05:52:27.991067,304747,65,9.60,59,0,34.3,0,626.6,0,1,1
2026-09-14T05:52:28.997226,305753,67,9.71,60,0,34.3,0,548.7,0,1,1
2026-09-14T05:52:30.003206,306759,65,9.59,60,0,34.2,0,548.7,0,1,1
2026-09-14T05:52:31.009313,307765,64,9.59,30,0,34.2,0,640.9,0,1,1
2026-09-14T05:52:32.015710,308771,61,9.60,67,0,34.2,0,704.0,0,1,1
2026-09-14T05:52:33.021484,309777,61,9.65,186,0,34.2,0,479.6,0,1,1
2026-09-14T05:52:34.027596,310783,63,9.54,93,0,34.2,0,471.0,0,1,1
2026-09-14T05:52:35.034571,311790,64,9.64,59,0,34.2,0,499.9,0,1,1
2026-09-14T05:52:36.040657,312796,65,9.57,58,0,34.3,0,499.7,0,1,1
2026-09-14T05:52:37.046793,313802,63,9.56,74,0,34.3,0,390.4,0,1,1
2026-09-14T05:52:38.052831,314808,66,9.55,32,0,34.1,0,384.7,0,1,1
2026-09-14T05:52:39.058878,315814,67,9.47,67,0,34.1,0,511.4,0,1,1
2026-09-14T05:52:40.064992,316820,67,9.53,54,0,34.2,0,451.3,0,1,1
2026-09-14T05:52:41.071085,317826,67,9.48,78,0,34.2,0,454.3,0,1,1
2026-09-14T05:52:42.077112,318832,67,9.69,76,0,34.2,0,405.4,0,1,1
2026-09-14T05:52:43.083254,319838,72,9.43,186,0,34.2,0,454.4,0,1,1
2026-09-14T05:52:44.934508,321689,72,9.63,186,0,34.1,0,454.4,0,1,1
2026-09-14T05:52:45.940377,322695,72,9.57,186,0,34.1,0,454.4,0,1,1
2026-09-14T05:52:46.947525,323702,74,9.60,110,0,34.1,0,365.0,0,1,1
2026-09-14T05:52:47.953534,324708,72,9.48,165,0,34.2,0,396.3,0,1,1
2026-09-14T05:52:48.959616,325714,72,9.69,102,0,34.2,0,425.0,0,1,1
2026-09-14T05:52:49.965771,326720,64,10.01,174,0,34.2,0,479.3,0,1,1
2026-09-14T05:52:50.971722,327726,64,9.61,93,0,34.2,0,407.3,0,1,1
2026-09-14T05:52:51.977806,328732,64,9.54,52,0,34.2,0,396.1,0,1,1
2026-09-14T05:52:52.983902,329738,64,9.78,70,0,34.2,0,396.1,0,1,1
2026-09-14T05:52:53.990030,330744,64,9.54,40,0,34.2,0,416.1,0,1,1
2026-09-14T05:52:54.997060,331751,64,9.58,58,0,34.2,0,447.7,0,1,1
2026-09-14T05:52:56.003097,332757,64,9.67,59,0,34.2,0,399.0,0,1,1
2026-09-14T05:52:57.009180,333763,64,10.06,59,0,34.2,0,399.0,0,1,1
2026-09-14T05:52:58.015480,334769,64,9.66,102,0,34.2,0,393.6,0,1,1
2026-09-14T05:52:59.021302,335775,64,9.80,64,0,34.2,0,370.3,0,1,1
2026-09-14T05:53:00.027386,336781,64,9.62,71,0,34.1,0,338.7,0,1,1
2026-09-14T05:53:01.033492,337787,52,9.58,76,0,34.1,1,258.3,0,1,1
2026-09-14T05:53:02.039522,338793,52,9.85,35,0,34.2,1,327.3,1,1,1
2026-09-14T05:53:03.045597,339799,52,9.49,64,0,34.2,1,436.7,1,1,1
2026-09-14T05:53:04.917928,341671,52,9.51,64,0,34.2,1,436.7,1,1,1
2026-09-14T05:53:05.923801,342677,52,9.53,64,0,34.4,1,436.7,1,1,1
2026-09-14T05:53:06.929901,343683,52,9.56,96,0,34.4,1,448.1,1,1,1
2026-09-14T05:53:07.936024,344689,52,9.64,124,0,34.4,1,339.1,1,1,1
2026-09-14T05:53:08.942071,345695,52,9.61,126,0,34.4,1,327.0,1,1,1
2026-09-14T05:53:09.948176,346701,52,9.58,64,0,34.4,1,259.1,1,1,1
2026-09-14T05:53:10.954195,347707,52,9.70,67,0,34.4,1,152.4,1,1,1
2026-09-14T05:53:11.961268,348714,52,9.65,66,0,34.4,1,112.3,1,1,1
2026-09-14T05:53:12.967416,349720,52,9.57,35,0,34.4,1,201.3,1,1,1
2026-09-14T05:53:13.973431,350726,52,9.56,72,0,34.3,1,322.0,1,1,1
2026-09-14T05:53:14.979485,351732,43,9.70,198,0,34.3,1,388.9,1,1,1
2026-09-14T05:53:15.985646,352738,43,9.57,199,0,34.3,1,405.3,1,1,1
2026-09-14T05:53:16.991610,353744,34,9.62,99,0,34.3,1,445.7,1,1,1
2026-09-14T05:53:17.997724,354750,41,9.72,49,0,34.4,1,417.0,1,1,1
2026-09-14T05:53:19.003798,355756,41,9.61,198,0,34.4,1,419.9,1,1,1
2026-09-14T05:53:20.009856,356762,41,9.57,110,0,34.3,1,362.7,1,1,1
2026-09-14T05:53:21.016982,357769,41,9.67,110,0,34.3,1,362.7,1,1,1
2026-09-14T05:53:22.023006,358775,40,9.69,49,0,34.4,1,414.3,1,1,1
2026-09-14T05:53:23.029083,359781,50,9.64,41,0,34.4,1,362.4,1,1,1
2026-09-14T05:53:24.981400,361733,50,9.51,41,0,34.4,1,362.4,1,1,1
2026-09-14T05:53:25.987274,362739,50,9.67,41,0,34.3,1,362.4,1,1,1
2026-09-14T05:53:26.993337,363745,61,9.22,99,0,34.3,0,405.4,1,1,1
2026-09-14T05:53:27.999513,364751,64,9.56,119,0,34.4,0,425.6,0,1,1
2026-09-14T05:53:29.005503,365757,64,9.46,175,0,34.4,0,384.9,0,1,1
2026-09-14T05:53:30.011546,366763,64,9.62,90,0,34.4,0,365.1,0,1,1
2026-09-14T05:53:31.017679,367769,64,9.72,96,0,34.4,0,287.6,0,1,1
2026-09-14T05:53:32.023687,368775,64,9.64,54,0,34.4,0,293.4,0,1,1
2026-09-14T05:53:33.030761,369782,66,9.49,78,0,34.4,0,330.7,0,1,1
2026-09-14T05:53:34.036893,370788,66,9.63,102,0,34.5,0,345.3,0,1,1
2026-09-14T05:53:35.042915,371794,66,9.72,73,0,34.5,0,269.1,0,1,1
2026-09-14T05:53:36.049045,372800,63,9.64,71,0,34.3,0,224.4,0,1,1
2026-09-14T05:53:37.055126,373806,60,9.57,55,0,34.3,0,215.9,0,1,1
2026-09-14T05:53:38.061116,374812,71,9.60,99,0,34.3,0,215.6,0,1,1
2026-09-14T05:53:39.067325,375818,70,9.63,66,0,34.3,0,209.9,0,1,1
2026-09-14T05:53:40.073391,376824,68,9.68,96,0,34.2,0,248.3,0,1,1
2026-09-14T05:53:41.079400,377830,72,9.68,93,0,34.2,0,327.6,0,1,1
2026-09-14T05:53:42.085525,378836,68,9.56,93,0,34.4,0,327.6,0,1,1
2026-09-14T05:53:43.091566,379842,71,9.60,36,0,34.4,0,436.9,0,1,1
2026-09-14T05:53:45.148305,381899,71,9.56,78,0,34.4,0,494.4,0,1,1
2026-09-14T05:53:46.150818,382901,73,9.59,175,0,34.4,0,511.7,0,1,1
2026-09-14T05:53:47.156373,383907,77,9.34,67,0,34.3,0,566.6,0,1,1
2026-09-14T05:53:48.162866,384913,78,9.67,69,0,34.3,0,506.4,0,1,1
2026-09-14T05:53:49.169563,385920,73,9.54,72,0,34.2,0,466.0,0,1,1
2026-09-14T05:53:50.175568,386925,69,9.60,106,0,34.2,0,373.7,0,1,1
2026-09-14T05:53:51.181650,387932,68,9.54,71,0,34.4,0,287.4,0,1,1
2026-09-14T05:53:52.188176,388938,70,9.50,71,0,34.4,0,287.4,0,1,1
2026-09-14T05:53:53.193805,389944,75,9.58,36,0,34.2,0,342.0,0,1,1
2026-09-14T05:53:54.200333,390950,71,9.71,67,0,34.2,0,373.6,0,1,1
2026-09-14T05:53:55.205961,391956,77,9.71,64,0,34.4,0,376.4,0,1,1
2026-09-14T05:53:56.212492,392962,77,9.55,135,0,34.4,0,373.4,0,1,1
2026-09-14T05:53:57.218155,393968,77,9.52,90,0,34.2,0,290.0,0,1,1
2026-09-14T05:53:58.224668,394974,74,9.39,66,0,34.2,0,215.1,0,1,1
2026-09-14T05:53:59.230247,395980,74,9.39,166,0,34.3,0,275.9,0,1,1
2026-09-14T05:54:00.236840,396986,74,9.71,165,0,34.3,0,190.0,0,1,1
2026-09-14T05:54:01.243404,397993,67,9.49,63,0,34.4,0,267.7,0,1,1
2026-09-14T05:54:02.248943,398998,70,9.49,62,0,34.4,0,250.6,0,1,1
2026-09-14T05:54:03.255544,400005,70,9.62,62,0,34.2,0,250.6,0,1,1
2026-09-14T05:54:05.026312,401775,70,9.58,31,0,34.2,0,333.9,0,1,1
2026-09-14T05:54:06.032228,402781,70,9.72,30,0,34.3,0,305.3,0,1,1
2026-09-14T05:54:07.039332,403788,70,9.51,51,0,34.3,0,417.1,0,1,1
2026-09-14T05:54:08.045356,404794,57,9.73,62,0,34.3,0,368.3,0,1,1
2026-09-14T05:54:09.051447,405800,60,9.48,60,0,34.3,0,371.0,0,1,1
2026-09-14T05:54:10.057497,406806,60,9.75,93,0,34.2,0,333.7,0,1,1
2026-09-14T05:54:11.063522,407812,51,9.99,90,0,34.2,1,287.7,1,1,1
2026-09-14T05:54:12.069645,408818,51,9.57,62,0,34.3,1,218.9,1,1,1
2026-09-14T05:54:13.075706,409824,51,9.65,135,0,34.3,1,264.6,1,1,1
2026-09-14T05:54:14.082736,410831,51,9.61,82,0,34.4,1,301.7,1,1,1
2026-09-14T05:54:15.088822,411837,60,9.42,37,0,34.4,0,416.9,1,1,1
2026-09-14T05:54:16.094899,412843,59,9.43,59,0,34.3,0,460.0,0,1,1
2026-09-14T05:54:17.101020,413849,67,9.68,64,0,34.3,0,425.4,0,1,1
2026-09-14T05:54:18.107048,414855,62,9.69,59,0,34.2,0,388.0,0,1,1
2026-09-14T05:54:19.113121,415861,63,9.79,186,0,34.2,0,367.9,0,1,1
2026-09-14T05:54:20.119262,416867,58,9.53,198,0,34.2,0,287.4,0,1,1
2026-09-14T05:54:21.126246,417874,59,9.57,62,0,34.2,0,298.9,0,1,1
2026-09-14T05:54:22.132320,418880,59,9.57,87,0,34.3,0,327.7,0,1,1
2026-09-14T05:54:23.138444,419886,54,9.28,72,0,34.3,1,336.4,0,1,1
2026-09-14T05:54:24.989707,421737,59,9.46,56,0,34.3,0,362.1,1,1,1
2026-09-14T05:54:25.995597,422743,59,9.69,64,0,34.1,0,420.1,1,1,1
2026-09-14T05:54:27.001734,423749,59,9.61,186,0,34.1,0,368.3,0,1,1
2026-09-14T05:54:28.007769,424755,63,9.58,198,0,34.2,0,414.1,0,1,1
2026-09-14T05:54:29.014797,425762,61,9.76,71,0,34.2,0,457.3,0,1,1
2026-09-14T05:54:30.020944,426768,71,9.67,63,0,34.1,0,388.1,0,1,1
2026-09-14T05:54:31.026967,427774,64,9.49,63,0,34.1,0,388.1,0,1,1
2026-09-14T05:54:32.033038,428780,67,9.55,72,0,34.1,0,402.4,0,1,1
2026-09-14T05:54:33.039189,429786,69,9.72,72,0,34.1,0,402.4,0,1,1
2026-09-14T05:54:34.045226,430792,69,9.31,35,0,34.1,0,491.4,0,1,1
2026-09-14T05:54:35.052291,431799,69,9.71,76,0,34.1,0,571.9,0,1,1
2026-09-14T05:54:36.058354,432805,86,9.67,76,0,34.4,0,517.3,0,1,1
2026-09-14T05:54:37.064388,433811,86,9.63,64,0,34.4,0,445.4,0,1,1
2026-09-14T05:54:38.070642,434817,86,9.56,149,0,34.1,0,445.6,0,1,1
2026-09-14T05:54:39.076568,435823,86,9.66,102,0,34.1,0,327.7,0,1,1
2026-09-14T05:54:40.082671,436829,87,9.61,67,0,34.2,0,238.6,0,1,1
2026-09-14T05:54:41.088737,437835,83,9.67,198,0,34.2,0,307.6,0,1,1
2026-09-14T05:54:42.094792,438841,72,9.62,90,0,34.0,0,353.4,0,1,1
2026-09-14T05:54:43.101882,439848,68,9.70,198,0,34.0,0,330.4,0,1,1
2026-09-14T05:54:45.073183,441819,68,9.84,102,0,34.2,0,333.3,0,1,1
2026-09-14T05:54:46.080080,442826,68,9.46,31,0,34.1,0,483.0,0,1,1
2026-09-14T05:54:47.086158,443832,71,9.48,67,0,34.1,0,626.9,0,1,1
2026-09-14T05:54:48.092208,444838,74,9.40,85,0,34.2,0,609.6,0,1,1
2026-09-14T05:54:49.098297,445844,70,9.71,85,0,34.2,0,609.6,0,1,1
2026-09-14T05:54:50.104560,446850,65,9.47,53,0,34.1,0,638.1,0,1,1
2026-09-14T05:54:51.110406,447856,66,9.62,94,0,34.1,0,584.9,0,1,1
2026-09-14T05:54:52.116466,448862,66,9.88,53,0,34.1,0,462.4,0,1,1
2026-09-14T05:54:53.122678,449868,66,9.64,198,0,34.1,0,387.6,0,1,1
2026-09-14T05:54:54.128628,450874,66,9.53,66,0,34.2,0,404.9,0,1,1
2026-09-14T05:54:55.134721,451880,66,9.55,96,0,34.2,0,384.7,0,1,1
2026-09-14T05:54:56.140849,452886,66,9.20,64,0,33.9,0,400.3,0,1,1
2026-09-14T05:54:57.147847,453893,68,9.61,99,0,33.9,0,402.3,0,1,1
2026-09-14T05:54:58.153985,454899,68,9.59,76,0,34.0,0,365.0,0,1,1
2026-09-14T05:54:59.160058,455905,73,9.62,99,0,34.0,0,296.0,0,1,1
2026-09-14T05:55:00.166062,456911,73,9.50,74,0,34.0,0,284.7,0,1,1
2026-09-14T05:55:01.172209,457917,73,9.46,69,0,34.0,0,296.0,0,1,1
2026-09-14T05:55:02.178201,458923,73,9.58,67,0,34.1,0,218.3,0,1,1
2026-09-14T05:55:03.184341,459929,73,9.52,69,0,34.1,0,195.1,0,1,1
2026-09-14T05:55:05.136100,461881,73,9.63,141,0,34.0,0,209.4,0,1,1
2026-09-14T05:55:06.142542,462887,73,9.52,141,0,34.0,0,209.4,0,1,1
2026-09-14T05:55:07.149189,463894,67,9.81,66,0,33.9,0,255.6,0,1,1
2026-09-14T05:55:08.154690,464899,59,9.51,74,0,33.9,0,206.4,0,1,1
2026-09-14T05:55:09.161259,465906,63,9.86,85,0,33.9,0,284.1,0,1,1
2026-09-14T05:55:10.166799,466911,65,9.54,76,0,33.9,0,292.9,0,1,1
2026-09-14T05:55:11.173500,467918,65,9.58,55,0,33.9,0,272.9,0,1,1
2026-09-14T05:55:12.179956,468924,65,9.58,186,0,33.9,0,310.4,0,1,1
2026-09-14T05:55:13.185557,469930,65,9.77,70,0,33.9,0,368.1,0,1,1
2026-09-14T05:55:14.192106,470936,64,9.90,74,0,33.9,0,302.1,0,1,1
2026-09-14T05:55:15.198707,471943,64,9.81,74,0,33.8,0,302.1,0,1,1
2026-09-14T05:55:16.204268,472948,57,9.42,74,0,33.8,0,302.1,0,1,1
2026-09-14T05:55:17.210935,473955,43,9.52,66,0,33.9,1,259.0,0,1,1
2026-09-14T05:55:18.216418,474960,43,8.55,69,0,33.9,1,253.1,1,1,1
2026-09-14T05:55:19.223042,475967,43,9.34,57,0,33.8,1,235.9,1,1,1
2026-09-14T05:55:20.228506,476972,43,9.84,59,0,33.8,1,172.3,1,1,1
2026-09-14T05:55:21.235141,477979,43,9.53,96,0,33.9,1,187.0,1,1,1
2026-09-14T05:55:22.241737,478985,43,9.64,51,0,33.9,1,189.9,1,1,1
2026-09-14T05:55:23.247286,479991,52,9.65,62,0,33.9,1,307.4,1,1,1
2026-09-14T05:55:25.101068,481844,60,9.84,62,0,33.9,0,307.4,0,1,1
2026-09-14T05:55:26.105001,482848,60,9.50,87,0,33.9,0,341.9,0,1,1
2026-09-14T05:55:27.111002,483854,60,9.79,198,0,33.9,0,370.6,0,1,1
2026-09-14T05:55:28.117109,484860,60,9.94,110,0,33.8,0,470.7,0,1,1
2026-09-14T05:55:29.123226,485866,70,9.65,110,0,33.8,0,470.7,0,1,1
2026-09-14T05:55:30.129222,486872,70,9.74,38,0,33.8,0,539.6,0,1,1
2026-09-14T05:55:31.135298,487878,70,9.72,77,0,33.8,0,570.1,0,1,1
2026-09-14T05:55:32.141437,488884,69,9.78,135,0,33.9,0,627.0,0,1,1
2026-09-14T05:55:33.148458,489891,73,9.54,135,0,33.9,0,627.0,0,1,1
2026-09-14T05:55:34.154597,490897,73,9.38,135,0,33.8,0,627.0,0,1,1
2026-09-14T05:55:35.160600,491903,66,9.55,73,0,33.8,0,625.7,0,1,1
2026-09-14T05:55:36.166685,492909,65,9.86,72,0,33.8,0,529.4,0,1,1
2026-09-14T05:55:37.172792,493915,60,9.64,57,0,33.8,0,498.0,0,1,1
2026-09-14T05:55:38.178855,494921,66,9.72,106,0,33.7,0,420.3,0,1,1
2026-09-14T05:55:39.184901,495927,78,9.51,71,0,33.7,0,346.6,0,1,1
2026-09-14T05:55:40.191036,496933,78,9.28,39,0,33.6,0,392.1,0,1,1
2026-09-14T05:55:41.197055,497939,78,9.66,74,0,33.6,0,396.3,0,1,1
2026-09-14T05:55:42.203099,498945,78,9.63,56,0,33.7,0,380.3,0,1,1
2026-09-14T05:55:43.210204,499952,78,9.74,119,0,33.7,0,427.9,0,1,1
2026-09-14T05:55:45.081550,501823,78,9.59,119,0,33.6,0,427.9,0,1,1
2026-09-14T05:55:46.087430,502829,78,9.83,165,0,33.7,0,379.1,0,1,1
2026-09-14T05:55:47.093555,503835,78,9.67,124,0,33.7,0,362.0,0,1,1
2026-09-14T05:55:48.099579,504841,75,9.43,76,0,33.6,0,301.7,0,1,1
2026-09-14T05:55:49.105691,505847,69,9.65,102,0,33.6,0,278.9,0,1,1
2026-09-14T05:55:50.111722,506853,68,9.53,199,0,33.7,0,307.9,0,1,1
2026-09-14T05:55:51.117791,507859,68,9.34,199,0,33.7,0,307.9,0,1,1
2026-09-14T05:55:52.123945,508865,68,9.48,31,0,33.6,0,466.1,0,1,1
2026-09-14T05:55:53.129963,509871,68,9.32,31,0,33.6,0,466.1,0,1,1
2026-09-14T05:55:54.136002,510877,55,9.70,31,0,33.6,0,466.1,0,1,1
2026-09-14T05:55:55.142113,511883,55,9.55,114,0,33.6,0,610.0,0,1,1
2026-09-14T05:55:56.148129,512889,55,9.58,71,0,33.7,0,612.9,0,1,1
2026-09-14T05:55:57.154251,513895,55,9.76,69,0,33.7,0,572.6,0,1,1
2026-09-14T05:55:58.160364,514901,55,9.48,64,0,33.7,0,567.0,0,1,1
2026-09-14T05:55:59.166338,515907,61,9.41,64,0,33.7,0,567.0,0,1,1
2026-09-14T05:56:00.172407,516913,61,9.76,64,0,33.7,0,567.0,0,1,1
2026-09-14T05:56:01.178543,517919,61,9.47,62,0,33.7,0,549.6,0,1,1
2026-09-14T05:56:02.185544,518926,61,9.56,87,0,33.6,0,526.4,0,1,1
2026-09-14T05:56:03.191680,519932,61,9.75,114,0,33.6,0,247.4,0,1,1
2026-09-14T05:56:05.042975,521783,60,9.75,114,0,33.7,0,247.4,0,1,1
2026-09-14T05:56:06.048886,522789,60,9.41,114,0,33.6,0,247.4,0,1,1
2026-09-14T05:56:07.054985,523795,60,9.50,53,0,33.6,0,287.7,0,1,1
2026-09-14T05:56:08.061057,524801,60,9.62,198,0,33.5,0,394.0,0,1,1
2026-09-14T05:56:09.067041,525807,60,9.83,87,0,33.5,0,442.9,0,1,1
2026-09-14T05:56:10.073161,526813,79,9.51,59,0,33.6,0,448.6,0,1,1
2026-09-14T05:56:11.079199,527819,79,9.28,48,0,33.6,0,419.9,0,1,1
2026-09-14T05:56:12.085270,528825,79,9.72,64,0,33.7,0,368.0,0,1,1
2026-09-14T05:56:13.091424,529831,79,9.67,198,0,33.7,0,388.0,0,1,1
2026-09-14T05:56:14.097433,530837,79,9.65,68,0,33.6,0,366.6,0,1,1
2026-09-14T05:56:15.103507,531843,79,9.60,66,0,33.6,0,324.9,0,1,1
2026-09-14T05:56:16.109610,532849,79,9.60,66,0,33.5,0,324.9,0,1,1
2026-09-14T05:56:17.115681,533855,79,9.71,93,0,33.5,0,347.4,0,1,1
2026-09-14T05:56:18.121738,534861,79,9.72,58,0,33.5,0,364.7,0,1,1
2026-09-14T05:56:19.127843,535867,79,9.70,69,0,33.5,0,298.7,0,1,1
2026-09-14T05:56:20.133862,536873,79,9.62,64,0,33.5,0,245.9,0,1,1
2026-09-14T05:56:21.140148,537879,79,9.56,60,0,33.5,0,234.0,0,1,1
2026-09-14T05:56:22.146016,538885,79,9.63,59,0,33.5,0,232.4,0,1,1
2026-09-14T05:56:23.152013,539891,79,9.61,63,0,33.5,0,192.1,0,1,1
2026-09-14T05:56:25.224361,541963,79,9.80,63,0,33.4,0,192.1,0,1,1
2026-09-14T05:56:26.230329,542969,79,9.62,108,0,33.4,0,161.9,0,1,1
2026-09-14T05:56:27.237378,543976,79,9.40,99,0,33.4,0,154.4,0,1,1
2026-09-14T05:56:28.243515,544982,79,9.43,149,0,33.4,0,174.6,0,1,1
2026-09-14T05:56:29.249487,545988,79,9.44,82,0,33.4,0,255.1,0,1,1
2026-09-14T05:56:30.255572,546994,79,9.64,82,0,33.6,0,255.1,0,1,1
2026-09-14T05:56:31.261723,548000,79,9.50,85,0,33.6,0,320.1,0,1,1
2026-09-14T05:56:32.267728,549006,79,9.50,87,0,33.3,0,356.3,0,1,1
2026-09-14T05:56:33.273795,550012,79,9.62,90,0,33.3,0,364.7,0,1,1
2026-09-14T05:56:34.279883,551018,79,9.69,72,0,33.4,0,405.4,0,1,1
2026-09-14T05:56:35.285973,552024,79,9.48,66,0,33.4,0,350.9,0,1,1
2026-09-14T05:56:36.292109,553030,79,9.72,186,0,33.3,0,379.7,0,1,1
2026-09-14T05:56:37.298108,554036,79,9.72,88,0,33.3,0,380.7,0,1,1
2026-09-14T05:56:38.304168,555042,79,9.64,71,0,33.4,0,353.3,0,1,1
2026-09-14T05:56:39.310277,556048,79,9.72,56,0,33.4,0,333.0,0,1,1
2026-09-14T05:56:40.316356,557054,79,9.69,114,0,33.5,0,335.7,0,1,1
2026-09-14T05:56:41.322414,558060,79,9.77,102,0,33.5,0,399.0,0,1,1
2026-09-14T05:56:42.328543,559066,79,9.40,106,0,33.3,0,363.6,0,1,1
2026-09-14T05:56:43.334606,560072,79,9.65,198,0,33.3,0,442.6,0,1,1
2026-09-14T05:56:45.286874,562024,79,9.72,198,0,33.2,0,442.6,0,1,1
2026-09-14T05:56:46.291828,563029,79,9.74,198,0,33.2,0,442.6,0,1,1
2026-09-14T05:56:47.297839,564035,79,9.54,124,0,33.2,0,347.7,0,1,1
2026-09-14T05:56:48.303927,565041,79,9.59,124,0,33.3,0,347.7,0,1,1
2026-09-14T05:56:49.310024,566047,79,9.73,96,0,33.3,0,514.3,0,1,1
2026-09-14T05:56:50.316022,567053,79,9.56,69,0,33.3,0,514.1,0,1,1
2026-09-14T05:56:51.322094,568059,79,9.52,66,0,33.3,0,471.1,0,1,1
2026-09-14T05:56:52.328230,569065,79,9.46,66,0,33.2,0,471.1,0,1,1
2026-09-14T05:56:53.334258,570071,79,9.56,135,0,33.2,0,623.6,0,1,1
2026-09-14T05:56:54.340340,571077,79,9.65,102,0,33.2,0,623.4,0,1,1
2026-09-14T05:56:55.346458,572083,79,9.62,71,0,33.2,0,382.1,0,1,1
2026-09-14T05:56:56.352518,573089,79,9.52,63,0,33.2,0,362.0,0,1,1
2026-09-14T05:56:57.358669,574095,79,9.35,69,0,33.2,0,367.7,0,1,1
2026-09-14T05:56:58.364623,575101,79,9.64,54,0,32.9,0,293.0,0,1,1
2026-09-14T05:56:59.370693,576107,79,9.52,90,0,32.9,0,181.0,0,1,1
2026-09-14T05:57:00.376809,577113,79,9.57,90,0,33.1,0,181.0,0,1,1
2026-09-14T05:57:01.382861,578119,79,9.75,32,0,33.1,0,327.7,0,1,1
2026-09-14T05:57:02.388910,579125,79,9.58,32,0,33.3,0,327.7,0,1,1
2026-09-14T05:57:03.395009,580131,79,9.10,32,0,33.3,0,327.7,0,1,1
2026-09-14T05:57:05.367307,582103,79,9.51,87,0,33.1,0,462.6,0,1,1
2026-09-14T05:57:06.373177,583109,79,9.53,30,0,33.1,0,633.3,0,1,1
2026-09-14T05:57:07.379375,584115,79,9.52,80,0,33.1,0,778.4,0,1,1
2026-09-14T05:57:08.385328,585121,79,9.61,49,0,33.2,0,810.1,0,1,1
2026-09-14T05:57:09.391429,586127,79,9.75,96,0,33.2,0,830.4,0,1,1
2026-09-14T05:57:10.397472,587133,79,9.44,51,0,33.1,0,741.4,0,1,1
2026-09-14T05:57:11.403553,588139,79,9.36,186,0,33.1,0,519.1,0,1,1
2026-09-14T05:57:12.409665,589145,79,9.84,96,0,33.2,0,430.4,0,1,1
2026-09-14T05:57:13.415738,590151,79,9.60,74,0,33.2,0,417.3,0,1,1
2026-09-14T05:57:14.421757,591157,79,9.51,67,0,33.2,0,296.0,0,1,1
2026-09-14T05:57:15.427850,592163,79,9.70,186,0,33.2,0,224.0,0,1,1
2026-09-14T05:57:16.433945,593169,79,9.61,102,0,33.1,0,172.1,0,1,1
2026-09-14T05:57:17.440005,594175,79,9.51,58,0,33.1,0,209.7,0,1,1
2026-09-14T05:57:18.446122,595181,79,9.54,63,0,33.1,0,201.4,0,1,1
2026-09-14T05:57:19.452131,596187,79,9.57,67,0,33.1,0,201.4,0,1,1
2026-09-14T05:57:20.458245,597193,79,9.58,64,0,33.3,0,217.4,0,1,1
2026-09-14T05:57:21.463348,598198,79,9.69,64,0,33.3,0,217.4,0,1,1
2026-09-14T05:57:22.469349,599204,79,9.60,34,0,33.4,0,330.9,0,1,1
2026-09-14T05:57:23.475424,600210,79,9.64,99,0,33.4,0,454.4,0,1,1
2026-09-14T05:57:25.548758,602283,79,9.82,56,0,33.4,0,457.0,0,1,1
2026-09-14T05:57:26.554695,603289,79,9.60,199,0,33.3,0,554.6,0,1,1
2026-09-14T05:57:27.560764,604295,79,9.79,199,0,33.3,0,554.6,0,1,1
2026-09-14T05:57:28.566821,605301,79,9.49,99,0,33.4,0,809.4,0,1,1
2026-09-14T05:57:29.572878,606307,79,9.47,63,0,33.4,0,806.6,0,1,1
2026-09-14T05:57:30.579000,607313,75,9.54,56,0,33.4,0,710.3,0,1,1
2026-09-14T05:57:31.585030,608319,75,9.57,69,0,33.4,0,578.1,0,1,1
2026-09-14T05:57:32.591100,609325,75,9.54,69,0,33.4,0,578.1,0,1,1
2026-09-14T05:57:33.597307,610331,75,9.60,31,0,33.4,0,664.6,0,1,1
2026-09-14T05:57:34.603223,611337,80,9.53,93,0,33.4,0,739.3,0,1,1
2026-09-14T05:57:35.609304,612343,80,9.58,54,0,33.4,0,629.7,0,1,1
2026-09-14T05:57:36.615430,613349,80,9.51,78,0,33.6,0,497.1,0,1,1
2026-09-14T05:57:37.621440,614355,80,9.53,102,0,33.6,0,551.9,0,1,1
2026-09-14T05:57:38.627511,615361,80,9.69,52,0,33.5,0,479.9,0,1,1
2026-09-14T05:57:39.633625,616367,80,9.64,93,0,33.5,0,367.9,0,1,1
2026-09-14T05:57:40.639657,617373,80,9.57,48,0,33.6,0,385.4,0,1,1
2026-09-14T05:57:41.646113,618379,80,9.74,119,0,33.6,0,440.1,0,1,1
2026-09-14T05:57:42.651804,619385,80,9.70,99,0,33.5,0,391.3,0,1,1
2026-09-14T05:57:43.657929,620391,80,9.64,49,0,33.5,0,440.1,0,1,1
2026-09-14T05:57:45.710244,622443,80,9.57,49,0,33.5,0,440.1,0,1,1
2026-09-14T05:57:46.716167,623449,80,9.44,49,0,33.5,0,440.1,0,1,1
2026-09-14T05:57:47.722245,624455,80,9.82,87,0,33.5,0,362.4,0,1,1
2026-09-14T05:57:48.728293,625461,80,9.89,76,0,33.4,0,293.1,0,1,1
2026-09-14T05:57:49.734355,626467,80,9.65,78,0,33.4,0,215.3,0,1,1
2026-09-14T05:57:50.740412,627473,80,9.60,76,0,33.6,0,195.1,0,1,1
2026-09-14T05:57:51.746503,628479,80,9.77,71,0,33.6,0,108.9,0,1,1
2026-09-14T05:57:52.752532,629485,80,9.62,74,0,33.3,0,103.1,0,1,1
2026-09-14T05:57:53.758650,630491,80,9.58,199,0,33.3,0,111.9,0,1,1
2026-09-14T05:57:54.764753,631497,80,9.44,69,0,33.4,0,221.3,0,1,1
2026-09-14T05:57:55.770774,632503,80,9.84,135,0,33.4,0,302.3,0,1,1
2026-09-14T05:57:56.776875,633509,80,9.63,67,0,33.3,0,380.0,0,1,1
2026-09-14T05:57:57.782953,634515,80,9.50,67,0,33.3,0,380.0,0,1,1
2026-09-14T05:57:58.788983,635521,80,9.45,67,0,33.5,0,380.0,0,1,1
2026-09-14T05:57:59.795215,636527,80,9.65,67,0,33.5,0,380.0,0,1,1
2026-09-14T05:58:00.801173,637533,80,9.48,50,0,33.3,0,351.1,0,1,1
2026-09-14T05:58:01.807260,638539,80,9.35,102,0,33.3,0,333.9,0,1,1
2026-09-14T05:58:02.813319,639545,80,9.47,69,0,33.5,0,351.4,0,1,1
2026-09-14T05:58:03.819322,640551,80,9.42,34,0,33.5,0,399.9,0,1,1
2026-09-14T05:58:05.790654,642522,80,9.64,34,0,33.5,0,399.9,0,1,1
2026-09-14T05:58:06.796705,643528,80,9.65,135,0,33.5,0,569.1,0,1,1
2026-09-14T05:58:07.802699,644534,80,9.62,198,0,33.5,0,503.0,0,1,1
2026-09-14T05:58:08.808811,645540,80,9.63,135,0,33.4,0,433.7,0,1,1
2026-09-14T05:58:09.814886,646546,80,9.81,141,0,33.4,0,396.1,0,1,1
2026-09-14T05:58:10.820955,647552,82,9.58,110,0,33.3,0,249.7,0,1,1
2026-09-14T05:58:11.827005,648558,82,9.69,108,0,33.3,0,286.1,0,1,1
2026-09-14T05:58:12.833052,649564,82,9.61,54,0,33.3,0,324.7,0,1,1
2026-09-14T05:58:13.839078,650570,82,9.65,198,0,33.3,0,416.7,0,1,1
2026-09-14T05:58:14.845184,651576,82,9.62,198,0,33.4,0,416.7,0,1,1
2026-09-14T05:58:15.851233,652582,82,9.75,124,0,33.4,0,609.4,0,1,1
2026-09-14T05:58:16.857269,653588,82,9.63,60,0,33.3,0,653.9,0,1,1
2026-09-14T05:58:17.863415,654594,82,9.65,45,0,33.3,0,673.6,0,1,1
2026-09-14T05:58:18.869420,655600,58,9.57,78,0,33.2,0,675.3,0,1,1
2026-09-14T05:58:19.876534,656607,58,9.60,71,0,33.2,0,603.4,0,1,1
2026-09-14T05:58:20.882624,657613,58,9.53,51,0,33.3,0,617.9,0,1,1
2026-09-14T05:58:21.888632,658619,58,9.28,99,0,33.3,0,505.9,0,1,1
2026-09-14T05:58:22.894760,659625,58,9.52,67,0,33.2,0,379.6,0,1,1
2026-09-14T05:58:23.900785,660631,58,9.72,72,0,33.2,0,273.0,0,1,1
2026-09-14T05:58:25.852175,662582,58,9.64,198,0,33.3,0,267.3,0,1,1
2026-09-14T05:58:26.858004,663588,58,9.62,94,0,33.1,0,590.0,0,1,1
2026-09-14T05:58:27.864087,664594,58,9.77,94,0,33.1,0,590.0,0,1,1
2026-09-14T05:58:28.870200,665600,58,9.56,94,0,33.2,0,590.0,0,1,1
2026-09-14T05:58:29.876235,666606,58,9.61,94,0,33.2,0,590.0,0,1,1
2026-09-14T05:58:30.882342,667612,58,9.47,94,0,33.2,0,590.0,0,1,1
2026-09-14T05:58:31.888359,668618,58,9.62,94,0,33.2,0,590.0,0,1,1
2026-09-14T05:58:32.894498,669624,58,9.52,94,0,33.2,0,590.0,0,1,1
2026-09-14T05:58:33.900574,670630,58,9.52,33,0,33.2,0,671.6,0,1,1
2026-09-14T05:58:34.906587,671636,58,9.59,93,0,33.1,0,789.3,0,1,1
2026-09-14T05:58:35.913751,672643,58,9.62,71,0,33.1,0,806.6,0,1,1
2026-09-14T05:58:36.919773,673649,58,9.54,198,0,33.1,0,647.3,0,1,1
2026-09-14T05:58:37.924818,674654,58,9.53,175,0,33.1,0,358.9,0,1,1
2026-09-14T05:58:38.930950,675660,58,9.65,186,0,33.1,0,304.3,0,1,1
2026-09-14T05:58:39.937946,676667,58,9.65,76,0,33.1,0,341.7,0,1,1
2026-09-14T05:58:40.944025,677673,58,9.52,63,0,33.1,0,338.9,0,1,1
2026-09-14T05:58:41.950143,678679,58,9.59,60,0,33.1,0,241.1,0,1,1
2026-09-14T05:58:42.956159,679685,58,9.64,63,0,32.9,0,224.1,0,1,1
2026-09-14T05:58:43.962234,680691,69,9.64,56,0,32.9,0,224.4,0,1,1
2026-09-14T05:58:46.034628,682763,59,9.58,71,0,33.0,0,204.4,0,1,1
2026-09-14T05:58:47.040445,683769,59,9.61,30,0,32.9,0,313.7,0,1,1
2026-09-14T05:58:48.046648,684775,59,9.53,65,0,32.9,0,401.6,0,1,1
2026-09-14T05:58:49.052650,685781,59,9.52,41,0,32.9,0,456.6,0,1,1
2026-09-14T05:58:50.058670,686787,59,9.59,51,0,32.9,0,492.7,0,1,1
2026-09-14T05:58:51.064800,687793,59,9.62,74,0,32.8,0,538.7,0,1,1
2026-09-14T05:58:52.070839,688799,59,9.73,70,0,32.8,0,527.3,0,1,1
2026-09-14T05:58:53.076943,689805,59,9.42,51,0,32.9,0,541.3,0,1,1
2026-09-14T05:58:54.083040,690811,59,9.64,76,0,32.9,0,300.6,0,1,1
2026-09-14T05:58:55.089058,691817,59,9.56,74,0,32.9,0,225.6,0,1,1
2026-09-14T05:58:56.095142,692823,59,9.58,64,0,32.9,0,201.0,0,1,1
2026-09-14T05:58:57.101249,693829,59,9.68,67,0,32.9,0,155.0,0,1,1
2026-09-14T05:58:58.107300,694835,59,9.62,72,0,32.9,0,198.1,0,1,1
2026-09-14T05:58:59.113348,695841,59,9.60,64,0,33.1,0,146.6,0,1,1
2026-09-14T05:59:00.119459,696847,59,9.59,87,0,33.1,0,235.6,0,1,1
2026-09-14T05:59:01.125466,697853,59,9.57,71,0,33.0,0,241.3,0,1,1
2026-09-14T05:59:02.131762,698859,59,9.70,99,0,33.0,0,269.9,0,1,1
2026-09-14T05:59:03.137676,699865,59,9.53,99,0,33.1,0,269.9,0,1,1
2026-09-14T05:59:04.143708,700871,59,9.46,72,0,33.1,0,465.1,0,1,1
2026-09-14T05:59:06.097027,702824,59,9.62,72,0,33.0,0,465.1,0,1,1
2026-09-14T05:59:07.101123,703828,59,9.68,72,0,32.9,0,465.1,0,1,1
2026-09-14T05:59:08.107024,704834,59,9.55,72,0,32.9,0,465.1,0,1,1
2026-09-14T05:59:09.113072,705840,74,9.58,38,0,33.2,0,554.3,0,1,1
2026-09-14T05:59:10.119196,706846,73,9.56,39,0,33.2,0,488.3,0,1,1
2026-09-14T05:59:11.125183,707852,69,9.58,56,0,33.1,0,519.9,0,1,1
2026-09-14T05:59:12.131292,708858,81,9.59,93,0,33.1,0,557.4,0,1,1
2026-09-14T05:59:13.137382,709864,72,9.65,50,0,33.1,0,600.9,0,1,1
2026-09-14T05:59:14.143431,710870,67,9.65,198,0,33.1,0,437.3,0,1,1
2026-09-14T05:59:15.149526,711876,73,9.54,63,0,33.2,0,425.7,0,1,1
2026-09-14T05:59:16.155632,712882,64,9.59,64,0,33.2,0,416.9,0,1,1
2026-09-14T05:59:17.161643,713888,65,9.58,71,0,33.1,0,367.7,0,1,1
2026-09-14T05:59:18.167761,714894,65,9.58,67,0,33.1,0,295.7,0,1,1
2026-09-14T05:59:19.173907,715900,64,9.54,141,0,33.1,0,235.3,0,1,1
2026-09-14T05:59:20.179885,716906,70,9.61,124,0,33.1,0,218.4,0,1,1
2026-09-14T05:59:21.186040,717912,70,9.66,87,0,33.1,0,218.7,0,1,1
2026-09-14T05:59:22.192042,718918,70,9.64,99,0,33.1,0,218.7,0,1,1
2026-09-14T05:59:23.198063,719924,70,9.61,93,0,33.1,0,304.6,0,1,1
2026-09-14T05:59:24.204204,720930,70,9.49,74,0,33.1,0,324.9,0,1,1
2026-09-14T05:59:26.176484,722902,70,9.57,74,0,33.2,0,324.9,0,1,1
2026-09-14T05:59:27.182431,723908,70,9.64,199,0,33.0,0,339.4,0,1,1
2026-09-14T05:59:28.188512,724914,70,9.51,199,0,33.0,0,339.4,0,1,1
2026-09-14T05:59:29.194559,725920,70,9.61,37,0,33.2,0,474.6,0,1,1
2026-09-14T05:59:30.200647,726926,70,9.66,142,0,33.2,0,520.7,0,1,1
2026-09-14T05:59:31.206694,727932,70,9.59,57,0,33.1,0,535.1,0,1,1
2026-09-14T05:59:32.212723,728938,70,9.55,70,0,33.1,0,540.7,0,1,1
2026-09-14T05:59:33.218911,729944,70,9.50,70,0,33.3,0,540.7,0,1,1
2026-09-14T05:59:34.224916,730950,70,9.61,106,0,33.3,0,525.9,0,1,1
2026-09-14T05:59:35.230944,731956,70,9.56,71,0,33.1,0,465.4,0,1,1
2026-09-14T05:59:36.237063,732962,70,9.46,71,0,33.1,0,465.4,0,1,1
2026-09-14T05:59:37.243078,733968,70,9.69,37,0,33.1,0,505.7,0,1,1
2026-09-14T05:59:38.249144,734974,70,9.65,79,0,33.1,0,624.9,0,1,1
2026-09-14T05:59:39.255226,735980,70,9.59,79,0,33.2,0,624.9,0,1,1
2026-09-14T05:59:40.261345,736986,70,9.53,79,0,33.2,0,624.9,0,1,1
2026-09-14T05:59:41.267423,737992,70,9.51,79,0,33.4,0,624.9,0,1,1
2026-09-14T05:59:42.273479,738998,70,9.57,198,0,33.4,0,862.0,0,1,1
2026-09-14T05:59:43.278553,740003,70,9.55,66,0,33.2,0,706.9,0,1,1
2026-09-14T05:59:44.284599,741009,70,9.62,67,0,33.2,0,669.4,0,1,1
2026-09-14T05:59:46.357901,743082,70,9.64,67,0,33.3,0,669.4,0,1,1
2026-09-14T05:59:47.363833,744088,70,9.62,67,0,33.2,0,669.4,0,1,1
2026-09-14T05:59:48.369977,745094,70,9.54,102,0,33.2,0,606.1,0,1,1
2026-09-14T05:59:49.375965,746100,70,9.62,96,0,33.2,0,428.3,0,1,1
2026-09-14T05:59:50.382098,747106,70,9.59,102,0,33.2,0,261.6,0,1,1
2026-09-14T05:59:51.387503,748111,70,9.53,64,0,33.3,0,267.6,0,1,1
2026-09-14T05:59:52.393180,749117,70,9.63,66,0,33.3,0,267.7,0,1,1
2026-09-14T05:59:53.399247,750123,70,9.61,56,0,33.4,0,247.7,0,1,1
2026-09-14T05:59:54.405361,751129,70,9.62,78,0,33.4,0,250.3,0,1,1
2026-09-14T05:59:55.411396,752135,70,9.62,64,0,33.4,0,227.0,0,1,1
2026-09-14T05:59:56.417469,753141,70,9.64,69,0,33.4,0,189.4,0,1,1
2026-09-14T05:59:57.423584,754147,70,9.59,67,0,33.3,0,115.1,0,1,1
2026-09-14T05:59:58.429642,755153,70,9.62,199,0,33.3,0,195.7,0,1,1
2026-09-14T05:59:59.435777,756159,70,9.58,106,0,33.3,0,253.7,0,1,1
2026-09-14T06:00:00.441841,757165,70,9.59,198,0,33.3,0,346.0,0,1,1
2026-09-14T06:00:01.447830,758171,70,9.58,80,0,33.4,0,403.1,0,1,1
2026-09-14T06:00:02.454008,759177,70,9.63,85,0,33.4,0,399.9,0,1,1
2026-09-14T06:00:03.459991,760183,70,9.63,63,0,33.4,0,350.6,0,1,1
2026-09-14T06:00:04.466093,761189,70,9.59,102,0,33.4,0,341.6,0,1,1
2026-09-14T06:00:06.518424,763241,70,9.66,199,0,33.4,0,338.9,0,1,1
2026-09-14T06:00:07.524297,764247,70,9.46,157,0,33.4,0,638.4,0,1,1
2026-09-14T06:00:08.530369,765253,70,9.54,70,0,33.4,0,699.3,0,1,1
2026-09-14T06:00:09.536486,766259,70,9.66,64,0,33.3,0,662.0,0,1,1
2026-09-14T06:00:10.542489,767265,70,9.64,64,0,33.3,0,662.0,0,1,1
2026-09-14T06:00:11.548608,768271,61,9.57,99,0,33.4,0,624.4,0,1,1
2026-09-14T06:00:12.554721,769277,61,9.59,141,0,33.4,0,207.1,0,1,1
2026-09-14T06:00:13.560731,770283,61,9.54,52,0,33.4,0,244.0,0,1,1
2026-09-14T06:00:14.566760,771289,61,9.52,93,0,33.4,0,307.0,0,1,1
2026-09-14T06:00:15.572951,772295,61,9.54,119,0,33.4,0,330.6,0,1,1
2026-09-14T06:00:16.579947,773302,61,9.57,67,0,33.4,0,367.7,0,1,1
2026-09-14T06:00:17.586040,774308,61,9.65,56,0,33.5,0,385.1,0,1,1
2026-09-14T06:00:18.592588,775314,61,9.63,74,0,33.5,0,319.3,0,1,1
2026-09-14T06:00:19.598903,776320,61,9.55,110,0,33.5,0,285.0,0,1,1
2026-09-14T06:00:20.604302,777326,61,9.51,110,0,33.5,0,328.0,0,1,1
2026-09-14T06:00:21.611439,778332,61,9.51,110,0,33.4,0,328.0,0,1,1
2026-09-14T06:00:22.616896,779338,61,9.49,110,0,33.4,0,328.0,0,1,1
2026-09-14T06:00:23.622421,780344,61,9.52,110,0,33.4,0,299.1,0,1,1
2026-09-14T06:00:24.629254,781350,61,9.61,148,0,33.4,0,238.9,0,1,1
2026-09-14T06:00:26.600211,783321,61,9.55,148,0,33.6,0,238.9,0,1,1
2026-09-14T06:00:27.605694,784327,61,9.58,148,0,33.4,0,238.9,0,1,1
2026-09-14T06:00:28.612463,785333,61,9.56,63,0,33.4,0,279.0,0,1,1
2026-09-14T06:00:29.618496,786339,61,9.65,64,0,33.4,0,244.4,0,1,1
2026-09-14T06:00:30.624150,787345,61,9.54,67,0,33.4,0,178.4,0,1,1
2026-09-14T06:00:31.631161,788351,61,9.60,67,0,33.2,0,178.4,0,1,1
2026-09-14T06:00:32.636663,789357,61,9.61,165,0,33.2,0,181.3,0,1,1
2026-09-14T06:00:33.642650,790363,61,9.54,76,0,33.2,0,241.6,0,1,1
2026-09-14T06:00:34.648509,791369,61,9.62,80,0,33.2,0,232.9,0,1,1
2026-09-14T06:00:35.655705,792376,61,9.56,37,0,33.4,0,348.1,0,1,1
2026-09-14T06:00:36.661884,793382,61,9.53,149,0,33.4,0,437.4,0,1,1
2026-09-14T06:00:37.667962,794388,61,9.75,54,0,33.3,0,532.3,0,1,1
2026-09-14T06:00:38.673570,795394,61,9.56,67,0,33.3,0,489.3,0,1,1
2026-09-14T06:00:39.679582,796400,61,9.54,96,0,33.5,0,466.1,0,1,1
2026-09-14T06:00:40.686137,797406,61,9.57,55,0,33.5,0,526.3,0,1,1
2026-09-14T06:00:41.692308,798412,61,9.66,135,0,33.5,0,333.4,0,1,1
2026-09-14T06:00:42.698503,799418,61,9.70,80,0,33.5,0,370.6,0,1,1
2026-09-14T06:00:43.704429,800424,61,9.71,63,0,33.4,0,298.7,0,1,1
2026-09-14T06:00:44.710449,801430,61,9.57,38,0,33.4,0,356.0,0,1,1
2026-09-14T06:00:46.766052,803485,61,9.65,38,0,33.4,0,356.0,0,1,1
2026-09-14T06:00:47.768892,804488,61,9.58,38,0,33.3,0,356.0,0,1,1
2026-09-14T06:00:48.774291,805494,61,9.61,135,0,33.3,0,413.6,0,1,1
2026-09-14T06:00:49.780321,806500,61,9.65,135,0,33.4,0,413.6,0,1,1
2026-09-14T06:00:50.786347,807506,61,9.73,44,0,33.4,0,476.9,0,1,1
2026-09-14T06:00:51.793383,808512,61,9.57,106,0,33.4,0,566.3,0,1,1
2026-09-14T06:00:52.798684,809518,61,9.50,106,0,33.4,0,566.3,0,1,1
2026-09-14T06:00:53.804671,810524,61,9.57,52,0,33.4,0,560.6,0,1,1
2026-09-14T06:00:54.810751,811530,61,9.59,135,0,33.4,0,563.4,0,1,1
2026-09-14T06:00:55.816814,812536,61,9.58,119,0,33.4,0,442.6,0,1,1
2026-09-14T06:00:56.822900,813542,61,9.70,87,0,33.4,0,405.4,0,1,1
2026-09-14T06:00:57.828952,814548,61,9.64,58,0,33.5,0,367.9,0,1,1
2026-09-14T06:00:58.835008,815554,61,9.64,36,0,33.5,0,419.4,0,1,1
2026-09-14T06:00:59.841121,816560,61,9.60,141,0,33.6,0,376.7,0,1,1
2026-09-14T06:01:00.847140,817566,61,9.58,74,0,33.6,0,422.6,0,1,1
2026-09-14T06:01:01.853215,818572,61,9.57,99,0,33.6,0,422.3,0,1,1
2026-09-14T06:01:02.860290,819579,70,9.57,74,0,33.6,0,361.9,0,1,1
2026-09-14T06:01:03.866382,820585,65,9.56,165,0,33.6,0,220.7,0,1,1
2026-09-14T06:01:04.872432,821591,75,9.59,74,0,33.6,0,229.4,0,1,1
2026-09-14T06:01:06.825272,823544,75,9.59,74,0,33.7,0,229.4,0,1,1
2026-09-14T06:01:07.830629,824549,75,9.58,74,0,33.7,0,229.4,0,1,1
2026-09-14T06:01:08.836264,825555,75,9.52,66,0,33.6,0,192.3,0,1,1
2026-09-14T06:01:09.842884,826561,69,9.58,102,0,33.6,0,186.4,0,1,1
2026-09-14T06:01:10.848491,827567,69,9.62,199,0,33.5,0,187.9,0,1,1
2026-09-14T06:01:11.855086,828573,69,9.58,34,0,33.5,0,378.0,0,1,1
2026-09-14T06:01:12.860582,829579,69,9.56,99,0,33.5,0,529.1,0,1,1
2026-09-14T06:01:13.867089,830585,69,9.63,63,0,33.5,0,515.1,0,1,1
2026-09-14T06:01:14.872782,831591,69,9.55,52,0,33.7,0,529.4,0,1,1
2026-09-14T06:01:15.879262,832597,69,9.63,102,0,33.7,0,598.4,0,1,1
2026-09-14T06:01:16.884959,833603,69,9.62,61,0,33.6,0,579.6,0,1,1
2026-09-14T06:01:17.891419,834609,69,9.60,76,0,33.6,0,402.4,0,1,1
2026-09-14T06:01:18.897034,835615,69,9.65,69,0,33.6,0,252.6,0,1,1
2026-09-14T06:01:19.903505,836621,69,9.64,52,0,33.6,0,243.9,0,1,1
2026-09-14T06:01:20.909231,837627,69,9.63,70,0,33.6,0,258.1,0,1,1
2026-09-14T06:01:21.915652,838633,69,9.58,62,0,33.6,0,194.6,0,1,1
2026-09-14T06:01:22.921300,839639,69,9.60,71,0,33.5,0,161.6,0,1,1
2026-09-14T06:01:23.927831,840645,69,9.56,66,0,33.5,0,164.3,0,1,1
2026-09-14T06:01:24.933444,841651,69,9.58,63,0,33.5,0,142.7,0,1,1
2026-09-14T06:01:26.806167,843523,69,9.59,63,0,33.5,0,131.6,0,1,1
2026-09-14T06:01:27.811174,844528,69,9.60,90,0,33.7,0,335.7,0,1,1
2026-09-14T06:01:28.817181,845534,69,9.63,96,0,33.7,0,399.4,0,1,1
2026-09-14T06:01:29.823233,846540,69,9.63,116,0,33.7,0,430.3,0,1,1
2026-09-14T06:01:30.829372,847546,69,10.07,116,0,33.7,0,430.3,0,1,1
2026-09-14T06:01:31.835417,848552,69,9.53,129,0,33.7,0,666.9,0,1,1
2026-09-14T06:01:32.841547,849558,69,9.61,142,0,33.7,0,532.0,0,1,1
2026-09-14T06:01:33.847537,850564,69,9.55,142,0,33.6,0,532.0,0,1,1
2026-09-14T06:01:34.853602,851570,69,9.60,31,0,33.6,0,696.1,0,1,1
2026-09-14T06:01:35.859736,852576,69,9.80,57,0,33.7,0,786.7,0,1,1
2026-09-14T06:01:36.865753,853582,69,9.61,90,0,33.7,0,826.4,0,1,1
2026-09-14T06:01:37.871839,854588,69,9.71,54,0,33.7,0,713.1,0,1,1
2026-09-14T06:01:38.877975,855594,69,9.42,99,0,33.7,0,601.0,0,1,1
2026-09-14T06:01:39.884976,856601,69,9.45,86,0,33.7,0,584.0,0,1,1
2026-09-14T06:01:40.891113,857607,69,9.65,76,0,33.7,0,378.4,0,1,1
2026-09-14T06:01:41.897173,858613,69,9.51,76,0,33.7,0,378.4,0,1,1
2026-09-14T06:01:42.903212,859619,69,9.63,72,0,33.7,0,387.0,0,1,1
2026-09-14T06:01:43.909283,860625,72,9.64,72,0,33.9,0,387.0,0,1,1
2026-09-14T06:01:44.915321,861631,72,9.56,64,0,33.9,0,337.4,0,1,1
2026-09-14T06:01:46.766661,863482,72,9.62,64,0,33.8,0,337.4,0,1,1
2026-09-14T06:01:47.772630,864488,72,9.51,157,0,33.8,0,389.7,0,1,1
2026-09-14T06:01:48.778675,865494,72,9.41,96,0,33.8,0,368.0,0,1,1
2026-09-14T06:01:49.784707,866500,72,9.56,55,0,33.7,0,365.0,0,1,1
2026-09-14T06:01:50.790809,867506,72,9.61,69,0,33.7,0,344.9,0,1,1
2026-09-14T06:01:51.796853,868512,72,9.60,63,0,33.8,0,319.0,0,1,1
2026-09-14T06:01:52.802905,869518,72,9.96,69,0,33.8,0,307.4,0,1,1
2026-09-14T06:01:53.809079,870524,72,9.37,69,0,33.9,0,307.4,0,1,1
2026-09-14T06:01:54.815073,871530,72,9.51,35,0,33.9,0,344.9,0,1,1
2026-09-14T06:01:55.821130,872536,72,9.71,50,0,33.9,0,379.3,0,1,1
2026-09-14T06:01:56.827262,873542,72,9.66,90,0,33.9,0,388.0,0,1,1
2026-09-14T06:01:57.833274,874548,72,9.63,99,0,33.9,0,422.7,0,1,1
2026-09-14T06:01:58.839345,875554,72,9.53,99,0,33.9,0,422.7,0,1,1
2026-09-14T06:01:59.845479,876560,72,9.62,83,0,33.7,0,529.6,0,1,1
2026-09-14T06:02:00.851540,877566,72,9.66,67,0,33.7,0,438.7,0,1,1
2026-09-14T06:02:01.857649,878572,72,9.54,72,0,33.9,0,378.3,0,1,1
2026-09-14T06:02:02.863652,879578,78,9.52,56,0,33.9,0,338.0,0,1,1
2026-09-14T06:02:03.869701,880584,78,9.78,56,0,33.8,0,338.0,0,1,1
2026-09-14T06:02:04.876991,881591,78,9.93,39,0,33.8,0,339.3,0,1,1
2026-09-14T06:02:06.748137,883462,78,9.74,39,0,33.7,0,339.3,0,1,1
2026-09-14T06:02:07.753992,884468,78,9.69,39,0,33.8,0,339.3,0,1,1
2026-09-14T06:02:08.760240,885474,78,9.54,52,0,33.8,0,320.4,0,1,1
2026-09-14T06:02:09.766128,886480,78,9.46,106,0,33.7,0,301.6,0,1,1
2026-09-14T06:02:10.772210,887486,78,9.56,69,0,33.7,0,336.0,0,1,1
2026-09-14T06:02:11.778348,888492,78,9.59,66,0,33.9,0,307.3,0,1,1
2026-09-14T06:02:12.784369,889498,71,9.56,69,0,33.9,0,245.4,0,1,1
2026-09-14T06:02:13.790449,890504,69,9.55,139,0,33.9,0,251.7,0,1,1
2026-09-14T06:02:14.796581,891510,66,9.59,48,0,33.9,0,298.1,0,1,1
2026-09-14T06:02:15.802613,892516,67,9.68,69,0,33.9,0,311.3,0,1,1
2026-09-14T06:02:16.808685,893522,72,9.50,71,0,33.9,0,279.7,0,1,1
2026-09-14T06:02:17.814773,894528,70,9.45,71,0,34.1,0,279.7,0,1,1
2026-09-14T06:02:18.820843,895534,76,9.68,96,0,34.1,0,374.6,0,1,1
2026-09-14T06:02:19.826971,896540,69,9.55,96,0,33.9,0,374.6,0,1,1
2026-09-14T06:02:20.832910,897546,67,9.65,35,0,33.9,0,461.9,0,1,1
2026-09-14T06:02:21.839014,898552,67,9.57,62,0,34.0,0,447.0,0,1,1
2026-09-14T06:02:22.845147,899558,66,9.51,64,0,34.0,0,399.4,0,1,1
2026-09-14T06:02:23.851140,900564,65,9.64,157,0,34.0,0,439.6,0,1,1
2026-09-14T06:02:24.857270,901570,72,9.57,97,0,34.0,0,435.3,0,1,1
2026-09-14T06:02:26.829570,903542,68,9.64,50,0,33.9,0,447.1,0,1,1
2026-09-14T06:02:27.835490,904548,68,9.56,50,0,34.1,0,447.1,0,1,1
2026-09-14T06:02:28.841995,905554,66,9.61,56,0,34.1,0,313.7,0,1,1
2026-09-14T06:02:29.847615,906560,70,9.65,56,0,34.0,0,313.7,0,1,1
2026-09-14T06:02:30.852681,907565,69,9.62,37,0,34.0,0,288.0,0,1,1
2026-09-14T06:02:31.858778,908571,69,9.58,53,0,33.8,0,348.4,0,1,1
2026-09-14T06:02:32.864853,909577,71,9.58,85,0,33.8,0,397.1,0,1,1
2026-09-14T06:02:33.871000,910583,68,9.60,119,0,33.9,0,355.0,0,1,1
2026-09-14T06:02:34.876976,911589,65,9.59,62,0,33.9,0,405.1,0,1,1
2026-09-14T06:02:35.884035,912596,66,9.58,63,0,34.1,0,333.1,0,1,1
2026-09-14T06:02:36.890096,913602,63,9.58,72,0,34.1,0,284.1,0,1,1
2026-09-14T06:02:37.896163,914608,63,9.61,62,0,34.1,0,244.0,0,1,1
2026-09-14T06:02:38.902237,915614,56,9.63,50,0,34.1,0,244.4,0,1,1
2026-09-14T06:02:39.908365,916620,55,9.60,80,0,34.1,0,224.6,0,1,1
2026-09-14T06:02:40.914417,917626,58,9.61,80,0,34.1,0,201.7,0,1,1
2026-09-14T06:02:41.920463,918632,59,9.58,48,0,34.0,0,204.4,0,1,1
2026-09-14T06:02:42.926564,919638,65,9.57,53,0,34.0,0,215.9,0,1,1
2026-09-14T06:02:43.932629,920644,65,9.60,149,0,34.1,0,282.1,0,1,1
2026-09-14T06:02:44.938739,921650,64,9.57,71,0,34.1,0,250.1,0,1,1
2026-09-14T06:02:46.991012,923702,63,9.56,71,0,33.9,0,250.1,0,1,1
2026-09-14T06:02:47.996905,924708,63,9.65,71,0,34.1,0,250.1,0,1,1
2026-09-14T06:02:49.002994,925714,63,9.56,129,0,34.1,0,235.7,0,1,1
2026-09-14T06:02:50.009045,926720,63,9.62,63,0,34.1,0,290.3,0,1,1
2026-09-14T06:02:51.015102,927726,63,9.60,48,0,34.1,0,230.0,0,1,1
2026-09-14T06:02:52.021199,928732,63,9.56,82,0,34.0,0,299.3,0,1,1
2026-09-14T06:02:53.027307,929738,63,9.54,72,0,34.0,0,285.1,0,1,1
2026-09-14T06:02:54.034339,930745,63,9.58,72,0,34.1,0,204.6,0,1,1
2026-09-14T06:02:55.039415,931750,63,9.60,96,0,34.1,0,253.4,0,1,1
2026-09-14T06:02:56.046490,932757,63,9.57,96,0,34.1,0,253.4,0,1,1
2026-09-14T06:02:57.052601,933763,63,9.58,96,0,34.1,0,253.4,0,1,1
2026-09-14T06:02:58.058616,934769,63,9.65,63,0,34.1,0,259.1,0,1,1
2026-09-14T06:02:59.064676,935775,63,9.58,93,0,34.1,0,230.1,0,1,1
2026-09-14T06:03:00.070783,936781,63,9.58,53,0,34.1,0,284.3,0,1,1
2026-09-14T06:03:01.076860,937787,63,9.55,72,0,34.1,0,324.6,0,1,1
2026-09-14T06:03:02.082906,938793,63,9.60,67,0,34.1,0,307.4,0,1,1
2026-09-14T06:03:03.089040,939799,63,9.62,156,0,34.1,0,287.3,0,1,1
2026-09-14T06:03:04.095075,940805,63,9.68,156,0,34.0,0,287.3,0,1,1
2026-09-14T06:03:05.101157,941811,67,9.66,156,0,34.0,0,287.3,0,1,1
2026-09-14T06:03:07.072940,943783,67,9.61,156,0,34.0,0,287.3,0,1,1
2026-09-14T06:03:08.079360,944789,67,9.58,96,0,34.0,0,278.6,0,1,1
2026-09-14T06:03:09.085047,945795,68,9.57,96,0,34.1,0,278.6,0,1,1
2026-09-14T06:03:10.091503,946801,59,9.58,37,0,34.1,0,350.6,0,1,1
2026-09-14T06:03:11.097134,947807,59,9.57,52,0,34.2,0,373.7,0,1,1
2026-09-14T06:03:12.103652,948813,52,9.50,52,0,34.2,1,373.7,0,1,1
2026-09-14T06:03:13.109286,949819,57,9.64,96,0,34.3,0,520.0,1,1,1
2026-09-14T06:03:14.115791,950825,72,9.44,69,0,34.3,0,493.9,1,1,1
2026-09-14T06:03:15.121430,951831,81,9.49,149,0,34.1,0,442.7,1,1,1
2026-09-14T06:03:16.127959,952837,81,9.48,198,0,34.1,0,359.9,0,1,1
2026-09-14T06:03:17.134587,953844,66,9.61,198,0,34.0,0,359.9,0,1,1
2026-09-14T06:03:18.140138,954849,64,9.61,39,0,34.0,0,391.6,0,1,1
2026-09-14T06:03:19.146761,955856,64,9.49,142,0,34.1,0,434.9,0,1,1
2026-09-14T06:03:20.152288,956861,64,9.60,76,0,34.1,0,428.9,0,1,1
2026-09-14T06:03:21.158900,957868,74,9.81,82,0,34.2,0,420.0,0,1,1
2026-09-14T06:03:22.164377,958873,67,9.77,85,0,34.2,0,293.7,0,1,1
2026-09-14T06:03:23.171008,959880,80,9.39,85,0,34.2,0,293.7,0,1,1
2026-09-14T06:03:24.176529,960885,81,9.60,85,0,34.2,0,293.7,0,1,1
2026-09-14T06:03:25.183157,961892,80,9.51,78,0,34.1,0,201.7,0,1,1
2026-09-14T06:03:26.933914,963642,80,9.62,78,0,34.1,0,201.7,0,1,1
2026-09-14T06:03:27.939795,964648,80,9.58,99,0,34.1,0,489.0,0,1,1
2026-09-14T06:03:28.945887,965654,80,9.57,74,0,34.1,0,486.3,0,1,1
2026-09-14T06:03:29.951946,966660,80,9.69,69,0,34.2,0,486.1,0,1,1
2026-09-14T06:03:30.958060,967666,84,9.62,69,0,34.2,0,486.1,0,1,1
2026-09-14T06:03:31.965128,968673,79,9.52,35,0,34.2,0,565.0,0,1,1
2026-09-14T06:03:32.971153,969679,67,9.59,96,0,34.2,0,672.4,0,1,1
2026-09-14T06:03:33.977222,970685,70,9.50,67,0,34.1,0,540.1,0,1,1
2026-09-14T06:03:34.983366,971691,71,9.55,66,0,34.1,0,350.4,0,1,1
2026-09-14T06:03:35.989405,972697,67,9.65,175,0,34.2,0,393.6,0,1,1
2026-09-14T06:03:36.995466,973703,66,9.62,87,0,34.2,0,323.3,0,1,1
2026-09-14T06:03:38.001519,974709,64,9.55,87,0,34.2,0,323.3,0,1,1
2026-09-14T06:03:39.007595,975715,64,9.53,32,0,34.2,0,398.4,0,1,1
2026-09-14T06:03:40.013659,976721,65,9.93,48,0,34.1,0,431.1,0,1,1
2026-09-14T06:03:41.019736,977727,64,9.56,48,0,34.1,0,431.1,0,1,1
2026-09-14T06:03:42.025801,978733,64,9.61,96,0,34.1,0,660.9,0,1,1
2026-09-14T06:03:43.031920,979739,64,9.59,96,0,34.1,0,660.9,0,1,1
2026-09-14T06:03:44.037960,980745,66,9.59,96,0,34.2,0,723.7,0,1,1
2026-09-14T06:03:45.044061,981751,67,9.54,60,0,34.2,0,726.6,0,1,1
2026-09-14T06:03:47.016384,983723,67,9.64,135,0,34.1,0,634.6,0,1,1
2026-09-14T06:03:48.022264,984729,67,9.54,135,0,34.1,0,634.6,0,1,1
2026-09-14T06:03:49.028345,985735,65,9.60,63,0,34.1,0,614.4,0,1,1
2026-09-14T06:03:50.034429,986741,63,9.59,175,0,34.1,0,436.6,0,1,1
2026-09-14T06:03:51.040529,987747,64,9.53,129,0,34.1,0,382.1,0,1,1
2026-09-14T06:03:52.046517,988753,64,9.60,63,0,34.1,0,379.4,0,1,1
2026-09-14T06:03:53.053607,989760,55,9.61,66,0,34.1,0,270.9,0,1,1
2026-09-14T06:03:54.059650,990766,60,9.62,66,0,34.3,0,200.4,0,1,1
2026-09-14T06:03:55.065792,991772,60,9.56,96,0,34.3,0,235.1,0,1,1
2026-09-14T06:03:56.071847,992778,67,9.67,51,0,34.1,0,295.4,0,1,1
2026-09-14T06:03:57.077929,993784,69,9.54,186,0,34.1,0,340.3,1,1,1
2026-09-14T06:03:58.083964,994790,69,9.61,96,0,34.2,0,369.4,0,1,1
2026-09-14T06:03:59.090049,995796,69,9.61,67,0,34.2,0,405.7,0,1,1
2026-09-14T06:04:00.096111,996802,69,9.46,52,0,34.1,0,359.4,0,1,1
2026-09-14T06:04:01.102205,997808,75,9.59,80,0,34.1,0,373.7,0,1,1
2026-09-14T06:04:02.108241,998814,68,9.54,66,0,34.1,0,319.1,0,1,1
2026-09-14T06:04:03.114354,999820,68,9.56,80,0,34.1,0,244.4,0,1,1
2026-09-14T06:04:04.120433,1000826,66,9.56,71,0,33.9,0,215.7,0,1,1
2026-09-14T06:04:05.126499,1001832,67,9.54,46,0,33.9,0,241.4,0,1,1
2026-09-14T06:04:06.977837,1003683,67,9.62,46,0,34.2,0,241.4,0,1,1
2026-09-14T06:04:07.983705,1004689,67,9.55,46,0,33.9,0,241.4,0,1,1
2026-09-14T06:04:08.989749,1005695,67,9.62,46,0,33.9,0,241.4,0,1,1
2026-09-14T06:04:09.995852,1006701,67,9.53,32,0,34.1,0,287.4,0,1,1
2026-09-14T06:04:11.001931,1007707,73,9.60,32,0,34.1,0,287.4,0,1,1
2026-09-14T06:04:12.007985,1008713,73,9.56,35,0,34.1,0,258.6,0,1,1
2026-09-14T06:04:13.015063,1009720,65,9.59,72,0,34.1,0,344.7,0,1,1
2026-09-14T06:04:14.021167,1010726,61,9.62,64,0,34.1,0,324.6,0,1,1
2026-09-14T06:04:15.027287,1011732,56,9.58,66,0,34.1,0,313.0,0,1,1
2026-09-14T06:04:16.033345,1012738,56,9.45,87,0,34.2,0,267.3,0,1,1
2026-09-14T06:04:17.039360,1013744,58,9.56,87,0,34.2,0,267.3,0,1,1
2026-09-14T06:04:18.045443,1014750,57,9.59,87,0,34.1,0,267.3,0,1,1
2026-09-14T06:04:19.051496,1015756,61,9.60,87,0,34.1,0,267.3,0,1,1
2026-09-14T06:04:20.057570,1016762,61,9.58,33,0,34.0,0,399.6,0,1,1
2026-09-14T06:04:21.063680,1017768,70,9.55,71,0,34.0,0,425.6,0,1,1
2026-09-14T06:04:22.069734,1018774,66,9.60,198,0,34.1,0,491.6,0,1,1
2026-09-14T06:04:23.075801,1019780,66,9.47,90,0,34.1,0,540.6,0,1,1
2026-09-14T06:04:24.081866,1020786,64,9.64,54,0,33.9,0,537.6,0,1,1
2026-09-14T06:04:25.087980,1021792,65,9.54,85,0,33.9,0,560.6,0,1,1
2026-09-14T06:04:27.041241,1023745,65,9.55,32,0,34.1,0,422.6,0,1,1
2026-09-14T06:04:28.046216,1024750,65,9.56,82,0,34.1,0,575.0,0,1,1
2026-09-14T06:04:29.051796,1025756,65,9.56,66,0,34.1,0,517.6,0,1,1
2026-09-14T06:04:30.058338,1026762,65,9.53,199,0,34.1,0,488.9,0,1,1
2026-09-14T06:04:31.063963,1027768,65,9.47,186,0,34.0,0,509.0,0,1,1
2026-09-14T06:04:32.070477,1028774,65,9.49,63,0,34.0,0,448.7,0,1,1
2026-09-14T06:04:33.076088,1029780,65,9.48,99,0,34.1,0,339.6,0,1,1
2026-09-14T06:04:34.082602,1030786,65,9.65,93,0,34.1,0,406.0,0,1,1
2026-09-14T06:04:35.089252,1031793,65,9.65,135,0,34.1,0,354.0,0,1,1
2026-09-14T06:04:36.094757,1032798,65,9.55,198,0,34.1,0,543.4,0,1,1
2026-09-14T06:04:37.101344,1033805,65,9.58,69,0,33.9,0,534.7,0,1,1
2026-09-14T06:04:38.106959,1034810,65,9.60,198,0,33.9,0,514.3,0,1,1
2026-09-14T06:04:39.113531,1035817,65,10.01,96,0,34.1,0,531.4,0,1,1
2026-09-14T06:04:40.119092,1036822,65,9.47,74,0,34.1,0,428.1,0,1,1
2026-09-14T06:04:41.125682,1037829,65,9.51,124,0,34.1,0,244.3,0,1,1
2026-09-14T06:04:42.131224,1038834,67,9.50,99,0,34.1,0,161.0,0,1,1
2026-09-14T06:04:43.136858,1039840,67,9.64,59,0,34.1,0,192.6,0,1,1
2026-09-14T06:04:44.143414,1040846,67,9.58,119,0,34.1,0,218.6,0,1,1
2026-09-14T06:04:45.148983,1041852,67,9.57,71,0,34.1,0,241.4,0,1,1
2026-09-14T06:04:47.020709,1043723,70,9.51,58,0,34.1,0,267.3,0,1,1
2026-09-14T06:04:48.026626,1044729,70,9.61,199,0,34.1,0,324.9,0,1,1
2026-09-14T06:04:49.032683,1045735,70,9.63,90,0,34.1,0,365.3,0,1,1
2026-09-14T06:04:50.038797,1046741,69,9.60,69,0,33.9,0,388.3,0,1,1
2026-09-14T06:04:51.045829,1047748,69,9.57,50,0,33.9,0,376.7,0,1,1
2026-09-14T06:04:52.051879,1048754,69,9.53,82,0,34.1,0,371.0,0,1,1
2026-09-14T06:04:53.058053,1049760,69,9.55,102,0,34.1,0,385.4,0,1,1
2026-09-14T06:04:54.064083,1050766,60,9.58,69,0,34.2,0,322.0,0,1,1
2026-09-14T06:04:55.070117,1051772,61,9.60,66,0,34.2,0,276.0,0,1,1
2026-09-14T06:04:56.076241,1052778,61,9.59,66,0,34.1,0,276.0,0,1,1
2026-09-14T06:04:57.082267,1053784,61,9.54,35,0,34.1,0,359.1,0,1,1
2026-09-14T06:04:58.088352,1054790,61,9.57,47,0,34.1,0,373.7,0,1,1
2026-09-14T06:04:59.094437,1055796,61,9.58,198,0,34.1,0,410.9,0,1,1
2026-09-14T06:05:00.101482,1056803,61,9.60,63,0,34.1,0,448.3,0,1,1
2026-09-14T06:05:01.107599,1057809,61,9.50,67,0,34.1,0,468.4,0,1,1
2026-09-14T06:05:02.113675,1058815,61,9.64,67,0,34.2,0,356.6,0,1,1
2026-09-14T06:05:03.119697,1059821,61,9.57,69,0,34.2,0,299.1,0,1,1
2026-09-14T06:05:04.125731,1060827,61,9.62,66,0,34.1,0,213.1,0,1,1
2026-09-14T06:05:05.131882,1061833,61,9.54,124,0,34.1,0,135.6,0,1,1
2026-09-14T06:05:06.983202,1063684,61,9.61,124,0,34.3,0,135.6,0,1,1
2026-09-14T06:05:07.989091,1064690,61,9.63,124,0,34.1,0,135.6,0,1,1
2026-09-14T06:05:08.995130,1065696,61,9.54,66,0,34.1,0,158.4,0,1,1
2026-09-14T06:05:10.001261,1066702,61,9.54,93,0,34.1,0,167.0,0,1,1
2026-09-14T06:05:11.007235,1067708,61,9.55,32,0,34.1,0,336.4,0,1,1
2026-09-14T06:05:12.014377,1068715,61,9.55,32,0,34.2,0,336.4,0,1,1
2026-09-14T06:05:13.020400,1069721,61,9.58,66,0,34.2,0,459.7,0,1,1
2026-09-14T06:05:14.026534,1070727,61,9.56,198,0,34.1,0,485.6,0,1,1
2026-09-14T06:05:15.032576,1071733,61,9.56,199,0,34.1,0,480.1,0,1,1
2026-09-14T06:05:16.038633,1072739,61,9.59,66,0,34.2,0,397.0,0,1,1
2026-09-14T06:05:17.044698,1073745,61,9.52,96,0,34.2,0,339.6,0,1,1
2026-09-14T06:05:18.050792,1074751,61,9.61,57,0,34.2,0,365.4,0,1,1
2026-09-14T06:05:19.056897,1075757,61,9.60,63,0,34.2,0,353.7,0,1,1
2026-09-14T06:05:20.062929,1076763,61,9.54,62,0,34.3,0,296.3,0,1,1
2026-09-14T06:05:21.068973,1077769,61,9.48,62,0,34.3,0,250.4,0,1,1
2026-09-14T06:05:22.076075,1078776,61,9.54,198,0,34.1,0,212.9,0,1,1
2026-09-14T06:05:23.082143,1079782,61,9.59,135,0,34.1,0,189.9,0,1,1
2026-09-14T06:05:24.088221,1080788,61,9.61,135,0,34.1,0,175.7,0,1,1
2026-09-14T06:05:25.094302,1081794,61,9.53,66,0,34.1,0,250.4,0,1,1
2026-09-14T06:05:26.965640,1083665,61,9.56,66,0,34.3,0,250.4,0,1,1
2026-09-14T06:05:27.971544,1084671,61,9.58,85,0,34.2,0,279.1,0,1,1
2026-09-14T06:05:28.977557,1085677,61,9.57,69,0,34.2,0,207.3,0,1,1
2026-09-14T06:05:29.983690,1086683,61,9.54,66,0,34.2,0,164.3,0,1,1
2026-09-14T06:05:30.989705,1087689,61,9.54,71,0,34.2,0,144.3,0,1,1
2026-09-14T06:05:31.995775,1088695,61,9.62,71,0,34.2,0,144.3,0,1,1
2026-09-14T06:05:33.001869,1089701,61,9.53,76,0,34.2,0,293.3,0,1,1
2026-09-14T06:05:34.007945,1090707,61,9.63,106,0,34.3,0,365.0,0,1,1
2026-09-14T06:05:35.014002,1091713,61,9.55,57,0,34.3,0,411.1,0,1,1
2026-09-14T06:05:36.020093,1092719,61,9.61,114,0,34.3,0,480.1,0,1,1
2026-09-14T06:05:37.026176,1093725,61,9.61,102,0,34.3,0,540.6,0,1,1
2026-09-14T06:05:38.032249,1094731,61,9.59,175,0,34.2,0,391.3,0,1,1
2026-09-14T06:05:39.038274,1095737,61,9.50,74,0,34.2,0,420.3,0,1,1
2026-09-14T06:05:40.044372,1096743,61,9.60,87,0,34.2,0,351.0,0,1,1
2026-09-14T06:05:41.051528,1097750,61,9.65,102,0,34.2,0,273.4,0,1,1
2026-09-14T06:05:42.057518,1098756,61,9.60,71,0,34.2,0,207.6,0,1,1
2026-09-14T06:05:43.063649,1099762,61,9.55,71,0,34.2,0,192.9,0,1,1
2026-09-14T06:05:44.069713,1100768,61,9.56,67,0,34.3,0,132.4,0,1,1
2026-09-14T06:05:45.075726,1101774,61,9.58,76,0,34.3,0,101.0,0,1,1
2026-09-14T06:05:47.027008,1103725,61,9.57,71,0,34.2,0,81.0,0,1,1
2026-09-14T06:05:48.032980,1104731,61,9.51,119,0,34.4,0,394.3,0,1,1
2026-09-14T06:05:49.039036,1105737,61,9.60,74,0,34.4,0,431.7,0,1,1
2026-09-14T06:05:50.045111,1106743,61,9.55,63,0,34.4,0,451.9,0,1,1
2026-09-14T06:05:51.052168,1107750,61,9.54,74,0,34.4,0,486.1,0,1,1
2026-09-14T06:05:52.058236,1108756,61,9.53,60,0,34.4,0,503.3,0,1,1
2026-09-14T06:05:53.064352,1109762,52,9.55,78,0,34.4,1,379.7,0,1,1
2026-09-14T06:05:54.070418,1110768,52,9.78,67,0,34.2,1,193.0,0,1,1
2026-09-14T06:05:55.076467,1111774,52,9.36,199,0,34.2,1,213.3,1,1,1
2026-09-14T06:05:56.082528,1112780,52,9.54,66,0,34.5,1,262.3,1,1,1
2026-09-14T06:05:57.088639,1113786,52,9.53,67,0,34.5,1,248.0,1,1,1
2026-09-14T06:05:58.094661,1114792,54,9.52,67,0,34.3,1,282.1,1,1,1
2026-09-14T06:05:59.100776,1115798,62,9.54,135,0,34.3,0,327.9,1,1,1
2026-09-14T06:06:00.107928,1116805,62,9.35,99,0,34.4,0,290.1,0,1,1
2026-09-14T06:06:01.113889,1117811,62,9.56,51,0,34.4,0,284.1,0,1,1
2026-09-14T06:06:02.119967,1118817,62,9.43,76,0,34.4,0,335.7,0,1,1
2026-09-14T06:06:03.126034,1119823,62,9.64,76,0,34.4,0,313.1,0,1,1
2026-09-14T06:06:04.132153,1120829,62,9.57,76,0,34.5,0,313.1,0,1,1
2026-09-14T06:06:05.138209,1121835,62,9.51,126,0,34.5,0,342.9,0,1,1
2026-09-14T06:06:07.211000,1123908,62,9.45,126,0,34.4,0,342.9,0,1,1
2026-09-14T06:06:08.216504,1124913,62,9.67,198,0,34.4,0,356.0,0,1,1
2026-09-14T06:06:09.223022,1125920,62,9.67,74,0,34.4,0,347.4,0,1,1
2026-09-14T06:06:10.229576,1126926,62,9.42,124,0,34.4,0,384.9,0,1,1
2026-09-14T06:06:11.235262,1127932,73,9.54,124,0,34.4,0,384.9,0,1,1
2026-09-14T06:06:12.241722,1128938,73,9.38,32,0,34.4,0,542.9,0,1,1
2026-09-14T06:06:13.247357,1129944,75,9.64,110,0,34.4,0,685.4,0,1,1
2026-09-14T06:06:14.253869,1130950,77,9.57,106,0,34.4,0,715.9,0,1,1
2026-09-14T06:06:15.259457,1131956,77,9.01,55,0,34.3,0,718.9,0,1,1
2026-09-14T06:06:16.266018,1132962,77,9.58,106,0,34.3,0,753.4,0,1,1
2026-09-14T06:06:17.271615,1133968,77,9.53,72,0,34.4,0,704.6,0,1,1
2026-09-14T06:06:18.278125,1134974,77,9.32,36,0,34.4,0,629.9,0,1,1
2026-09-14T06:06:19.284740,1135981,77,9.53,82,0,34.4,0,578.0,0,1,1
2026-09-14T06:06:20.290287,1136986,75,9.51,78,0,34.4,0,511.7,0,1,1
2026-09-14T06:06:21.296966,1137993,75,9.61,70,0,34.6,0,454.4,0,1,1
2026-09-14T06:06:22.303483,1138999,66,9.67,52,0,34.6,0,422.6,0,1,1
2026-09-14T06:06:23.309091,1140005,66,9.58,52,0,34.5,0,422.6,0,1,1
2026-09-14T06:06:24.315591,1141011,66,9.32,52,0,34.5,0,422.6,0,1,1
2026-09-14T06:06:25.321316,1142017,66,9.59,76,0,34.6,0,399.4,0,1,1
2026-09-14T06:06:27.072968,1143768,66,9.58,76,0,34.6,0,399.4,0,1,1
2026-09-14T06:06:28.078901,1144774,66,9.27,149,0,34.6,0,416.7,0,1,1
2026-09-14T06:06:29.084919,1145780,66,9.60,80,0,34.6,0,347.9,0,1,1
2026-09-14T06:06:30.090967,1146786,66,9.66,71,0,34.6,0,230.0,0,1,1
2026-09-14T06:06:31.097063,1147792,66,9.48,56,0,34.6,0,256.1,0,1,1
2026-09-14T06:06:32.103114,1148798,66,9.42,45,0,34.4,0,281.7,0,1,1
2026-09-14T06:06:33.109287,1149804,68,9.51,135,0,34.4,0,313.4,0,1,1
2026-09-14T06:06:34.115327,1150810,65,9.65,175,0,34.6,0,273.1,0,1,1
2026-09-14T06:06:35.121351,1151816,65,9.62,69,0,34.6,0,298.9,0,1,1
2026-09-14T06:06:36.127430,1152822,65,9.57,34,0,34.5,0,411.1,0,1,1
2026-09-14T06:06:37.133509,1153828,65,9.56,69,0,34.5,0,506.0,0,1,1
2026-09-14T06:06:38.139564,1154834,65,9.55,62,0,34.7,0,483.1,0,1,1
2026-09-14T06:06:39.145654,1155840,65,9.56,71,0,34.7,0,422.7,0,1,1
2026-09-14T06:06:40.152704,1156847,65,9.51,69,0,34.6,0,376.9,0,1,1
2026-09-14T06:06:41.158804,1157853,65,9.56,69,0,34.6,0,362.4,0,1,1
2026-09-14T06:06:42.164907,1158859,65,9.52,74,0,34.6,0,169.7,0,1,1
2026-09-14T06:06:43.171002,1159865,65,9.69,165,0,34.6,0,92.0,0,1,1
2026-09-14T06:06:44.177005,1160871,65,9.55,64,0,34.7,0,155.3,0,1,1
2026-09-14T06:06:45.183574,1161877,65,9.53,74,0,34.7,0,169.9,0,1,1
2026-09-14T06:06:47.034461,1163728,65,9.49,74,0,34.6,0,169.9,0,1,1
2026-09-14T06:06:48.040343,1164734,80,9.54,74,0,34.7,0,169.9,0,1,1
2026-09-14T06:06:49.046317,1165740,80,9.56,99,0,34.7,0,279.0,0,1,1
2026-09-14T06:06:50.052434,1166746,80,9.57,52,0,34.6,0,353.7,0,1,1
2026-09-14T06:06:51.058516,1167752,80,9.57,110,0,34.6,0,394.0,0,1,1
2026-09-14T06:06:52.065629,1168759,80,9.57,72,0,34.7,0,417.0,0,1,1
2026-09-14T06:06:53.071729,1169765,80,9.60,110,0,34.7,0,439.9,0,1,1
2026-09-14T06:06:54.077895,1170771,80,9.58,114,0,34.7,0,391.0,0,1,1
2026-09-14T06:06:55.083850,1171777,80,9.54,71,0,34.7,0,359.4,0,1,1
2026-09-14T06:06:56.089897,1172783,80,9.57,54,0,34.6,0,310.6,0,1,1
2026-09-14T06:06:57.096003,1173789,80,9.53,72,0,34.6,0,310.6,0,1,1
2026-09-14T06:06:58.102095,1174795,80,9.48,119,0,34.7,0,247.4,0,1,1
2026-09-14T06:06:59.108070,1175801,80,9.56,93,0,34.7,0,247.9,0,1,1
2026-09-14T06:07:00.114171,1176807,80,9.52,64,0,34.7,0,250.7,0,1,1
2026-09-14T06:07:01.120261,1177813,80,9.56,148,0,34.7,0,250.6,0,1,1
2026-09-14T06:07:02.126349,1178819,80,9.50,64,0,34.7,0,290.7,0,1,1
2026-09-14T06:07:03.132380,1179825,80,9.59,72,0,34.7,0,281.9,0,1,1
2026-09-14T06:07:04.138452,1180831,80,9.53,80,0,34.6,0,215.3,0,1,1
2026-09-14T06:07:05.144526,1181837,80,9.56,58,0,34.6,0,215.1,0,1,1
2026-09-14T06:07:07.116870,1183809,80,9.51,58,0,34.7,0,215.1,0,1,1
2026-09-14T06:07:08.122812,1184815,80,9.57,186,0,34.7,0,246.6,0,1,1
2026-09-14T06:07:09.128860,1185821,80,9.57,96,0,34.7,0,226.7,0,1,1
2026-09-14T06:07:10.134891,1186827,80,9.55,96,0,34.7,0,226.7,0,1,1
2026-09-14T06:07:11.140990,1187833,80,9.55,198,0,34.7,0,387.3,0,1,1
2026-09-14T06:07:12.148045,1188840,80,9.54,82,0,34.7,0,407.4,0,1,1
2026-09-14T06:07:13.154114,1189846,80,9.57,87,0,34.7,0,312.6,0,1,1
2026-09-14T06:07:14.160243,1190852,80,9.60,57,0,34.8,0,312.6,0,1,1
2026-09-14T06:07:15.166271,1191858,80,9.64,57,0,34.8,0,312.6,0,1,1
2026-09-14T06:07:16.172341,1192864,80,9.66,82,0,34.7,0,550.4,0,1,1
2026-09-14T06:07:17.178398,1193870,80,9.86,80,0,34.7,0,467.6,0,1,1
2026-09-14T06:07:18.184455,1194876,80,9.55,59,0,34.7,0,474.7,0,1,1
2026-09-14T06:07:19.190588,1195882,80,9.50,119,0,34.7,0,480.7,0,1,1
2026-09-14T06:07:20.197629,1196889,80,9.61,72,0,34.7,0,475.0,0,1,1
2026-09-14T06:07:21.203685,1197895,78,9.63,74,0,34.7,0,342.6,0,1,1
2026-09-14T06:07:22.209750,1198901,74,9.56,80,0,34.9,0,170.0,0,1,1
2026-09-14T06:07:23.215837,1199907,78,9.55,52,0,34.9,0,224.7,0,1,1
2026-09-14T06:07:24.221919,1200913,62,9.59,101,0,34.8,0,266.3,0,1,1
2026-09-14T06:07:25.227987,1201919,74,9.55,93,0,34.8,0,342.7,0,1,1
2026-09-14T06:07:27.280766,1203972,74,9.47,93,0,34.7,0,342.7,0,1,1
2026-09-14T06:07:28.287167,1204978,74,9.56,93,0,34.7,0,342.7,0,1,1
2026-09-14T06:07:29.292866,1205984,74,9.56,67,0,34.9,0,331.1,0,1,1
2026-09-14T06:07:30.299354,1206990,74,9.55,72,0,34.9,0,328.1,0,1,1
2026-09-14T06:07:31.305969,1207997,74,9.54,72,0,34.9,0,270.6,0,1,1
2026-09-14T06:07:32.311526,1209002,74,9.62,186,0,34.9,0,214.3,0,1,1
2026-09-14T06:07:33.318087,1210009,74,9.56,63,0,34.7,0,232.9,0,1,1
2026-09-14T06:07:34.324669,1211015,74,9.59,93,0,34.7,0,241.7,0,1,1
2026-09-14T06:07:35.330347,1212021,74,9.57,57,0,34.9,0,290.9,0,1,1
2026-09-14T06:07:36.336838,1213027,74,9.53,85,0,34.9,0,339.9,0,1,1
2026-09-14T06:07:37.342439,1214033,74,9.53,76,0,34.9,0,354.1,0,1,1
2026-09-14T06:07:38.348866,1215039,74,9.62,66,0,34.9,0,285.0,0,1,1
2026-09-14T06:07:39.354508,1216045,74,9.59,57,0,34.9,0,216.1,0,1,1
2026-09-14T06:07:40.361103,1217051,74,9.60,67,0,34.9,0,196.0,0,1,1
2026-09-14T06:07:41.367712,1218058,74,9.51,67,0,34.9,0,196.0,0,1,1
2026-09-14T06:07:42.373297,1219063,74,9.53,33,0,34.9,0,267.7,0,1,1
2026-09-14T06:07:43.379877,1220070,74,9.60,186,0,34.9,0,408.4,0,1,1
2026-09-14T06:07:44.386384,1221076,74,9.58,186,0,34.9,0,486.1,0,1,1
2026-09-14T06:07:45.392021,1222082,74,9.60,93,0,34.9,0,511.9,0,1,1
2026-09-14T06:07:47.163731,1223853,74,9.62,60,0,34.9,0,537.6,0,1,1
2026-09-14T06:07:48.169711,1224859,74,9.52,60,0,34.9,0,537.6,0,1,1
2026-09-14T06:07:49.175717,1225865,74,9.60,99,0,34.9,0,324.6,0,1,1
2026-09-14T06:07:50.181771,1226871,74,9.56,87,0,34.9,0,321.7,0,1,1
2026-09-14T06:07:51.187854,1227877,74,9.59,66,0,34.9,0,301.7,0,1,1
2026-09-14T06:07:52.193997,1228883,74,9.56,64,0,34.7,0,258.4,0,1,1
2026-09-14T06:07:53.201007,1229890,74,9.68,198,0,34.7,0,287.1,0,1,1
2026-09-14T06:07:54.207069,1230896,74,9.65,85,0,34.7,0,278.7,0,1,1
2026-09-14T06:07:55.213184,1231902,74,9.58,135,0,34.7,0,258.6,0,1,1
2026-09-14T06:07:56.219308,1232908,74,9.59,135,0,34.7,0,258.6,0,1,1
2026-09-14T06:07:57.225295,1233914,74,9.49,45,0,34.7,0,353.4,0,1,1
2026-09-14T06:07:58.231389,1234920,74,9.55,198,0,34.9,0,485.9,0,1,1
2026-09-14T06:07:59.237446,1235926,74,9.63,72,0,34.9,0,483.0,0,1,1
2026-09-14T06:08:00.243512,1236932,74,9.54,78,0,34.7,0,431.6,0,1,1
2026-09-14T06:08:01.250581,1237939,74,9.51,93,0,34.7,0,362.3,0,1,1
2026-09-14T06:08:02.256679,1238945,74,9.62,55,0,34.9,0,350.9,0,1,1
2026-09-14T06:08:03.262722,1239951,74,9.54,198,0,34.9,0,316.4,0,1,1
2026-09-14T06:08:04.268818,1240957,74,9.62,72,0,34.9,0,382.4,0,1,1
2026-09-14T06:08:05.274864,1241963,74,9.61,80,0,34.9,0,362.4,0,1,1
2026-09-14T06:08:07.126242,1243814,74,9.60,80,0,34.7,0,362.4,0,1,1
2026-09-14T06:08:08.132133,1244820,74,9.37,80,0,34.7,0,362.4,0,1,1
2026-09-14T06:08:09.139145,1245827,74,9.58,75,0,34.7,0,257.6,0,1,1
2026-09-14T06:08:10.145183,1246833,74,9.58,76,0,34.9,0,184.3,0,1,1
2026-09-14T06:08:11.151296,1247839,74,9.54,76,0,34.9,0,184.3,0,1,1
2026-09-14T06:08:12.157379,1248845,74,9.57,37,0,34.9,0,264.9,0,1,1
2026-09-14T06:08:13.163498,1249851,74,9.59,74,0,34.9,0,267.7,0,1,1
2026-09-14T06:08:14.169584,1250857,74,9.56,198,0,34.9,0,312.4,0,1,1
2026-09-14T06:08:15.175656,1251863,74,9.61,99,0,34.9,0,349.3,0,1,1
2026-09-14T06:08:16.182727,1252870,74,9.61,58,0,34.7,0,408.3,0,1,1
2026-09-14T06:08:17.188738,1253876,74,9.55,43,0,34.7,0,339.1,0,1,1
2026-09-14T06:08:18.194810,1254882,74,9.63,74,0,34.7,0,310.3,0,1,1
2026-09-14T06:08:19.200891,1255888,74,9.60,58,0,34.7,0,336.1,0,1,1
2026-09-14T06:08:20.206944,1256894,74,9.57,114,0,34.9,0,405.0,0,1,1
2026-09-14T06:08:21.213049,1257900,74,9.66,75,0,34.9,0,331.9,0,1,1
2026-09-14T06:08:22.220103,1258907,74,9.55,57,0,34.7,0,307.1,0,1,1
2026-09-14T06:08:23.226196,1259913,74,9.54,110,0,34.7,0,330.4,0,1,1
2026-09-14T06:08:24.232250,1260919,74,9.59,80,0,34.7,0,258.9,0,1,1
2026-09-14T06:08:25.238358,1261925,74,9.59,56,0,34.7,0,233.3,0,1,1
2026-09-14T06:08:27.191631,1263878,74,9.59,56,0,34.9,0,233.3,0,1,1
2026-09-14T06:08:28.196641,1264883,74,9.59,56,0,34.7,0,233.3,0,1,1
2026-09-14T06:08:29.202634,1265889,74,9.56,70,0,34.7,0,236.7,0,1,1
2026-09-14T06:08:30.208697,1266895,74,9.58,129,0,34.8,0,191.1,0,1,1
2026-09-14T06:08:31.214782,1267901,74,9.59,71,0,34.8,0,211.1,0,1,1
2026-09-14T06:08:32.221896,1268908,60,9.58,141,0,34.9,0,225.1,0,1,1
2026-09-14T06:08:33.227907,1269914,60,9.62,141,0,34.9,0,189.0,0,1,1
2026-09-14T06:08:34.233993,1270920,60,9.57,78,0,34.7,0,195.4,0,1,1
2026-09-14T06:08:35.240037,1271926,60,9.53,72,0,34.7,0,201.1,0,1,1
2026-09-14T06:08:36.246122,1272932,60,9.56,74,0,34.8,0,149.4,0,1,1
2026-09-14T06:08:37.252218,1273938,60,9.56,198,0,34.8,0,155.3,0,1,1
2026-09-14T06:08:38.259323,1274945,60,9.60,90,0,34.8,0,207.0,0,1,1
2026-09-14T06:08:39.265408,1275951,60,9.60,63,0,34.8,0,187.0,0,1,1
2026-09-14T06:08:40.271409,1276957,60,9.63,64,0,34.9,0,178.3,0,1,1
2026-09-14T06:08:41.277475,1277963,52,9.59,93,0,34.9,1,298.7,0,1,1
2026-09-14T06:08:42.283581,1278969,52,9.19,186,0,34.7,1,275.7,1,1,1
2026-09-14T06:08:43.289654,1279975,52,10.80,82,0,34.7,1,264.3,1,1,1
2026-09-14T06:08:44.295755,1280981,52,9.64,93,0,34.7,1,366.0,1,1,1
2026-09-14T06:08:45.302830,1281988,52,9.57,52,0,34.7,1,354.9,1,1,1
2026-09-14T06:08:47.274533,1283960,52,9.56,52,0,34.7,1,354.9,1,1,1
2026-09-14T06:08:48.280948,1284966,52,9.60,186,0,34.7,1,425.4,1,1,1
2026-09-14T06:08:49.286690,1285972,53,9.55,110,0,34.9,1,411.0,1,1,1
2026-09-14T06:08:50.293124,1286978,53,9.55,74,0,34.9,1,454.1,1,1,1
2026-09-14T06:08:51.298856,1287984,53,9.55,102,0,34.9,1,425.6,1,1,1
2026-09-14T06:08:52.305287,1288990,55,9.54,198,0,34.9,0,414.1,1,1,1
2026-09-14T06:08:53.311922,1289997,55,9.65,99,0,34.7,0,339.4,1,1,1
2026-09-14T06:08:54.317455,1291002,56,9.60,66,0,34.7,0,350.9,0,1,1
2026-09-14T06:08:55.324055,1292009,56,9.72,66,0,34.8,0,350.9,0,1,1
2026-09-14T06:08:56.330627,1293015,56,9.52,66,0,34.8,0,350.9,0,1,1
2026-09-14T06:08:57.336225,1294021,56,9.55,198,0,34.9,0,313.3,0,1,1
2026-09-14T06:08:58.342696,1295027,56,9.74,198,0,34.9,0,304.4,0,1,1
2026-09-14T06:08:59.349358,1296034,56,9.57,114,0,34.7,0,287.3,0,1,1
2026-09-14T06:09:00.354867,1297039,56,9.65,55,0,34.7,0,324.9,0,1,1
2026-09-14T06:09:01.361606,1298046,56,9.58,102,0,34.9,0,342.3,1,1,1
2026-09-14T06:09:02.367052,1299051,56,9.56,71,0,34.9,0,348.1,1,1,1
2026-09-14T06:09:03.373627,1300058,56,9.58,72,0,34.7,0,322.3,1,1,1
2026-09-14T06:09:04.380207,1301064,56,9.57,53,0,34.7,0,336.7,1,1,1
2026-09-14T06:09:05.385791,1302070,56,9.61,40,0,34.9,0,322.3,1,1,1
2026-09-14T06:09:07.237537,1303921,56,9.57,40,0,34.9,0,322.3,1,1,1
2026-09-14T06:09:08.243506,1304927,56,9.57,40,0,34.7,0,322.3,1,1,1
2026-09-14T06:09:09.249525,1305933,56,9.54,43,0,34.7,0,304.9,1,1,1
2026-09-14T06:09:10.255602,1306939,56,9.65,135,0,34.8,0,284.6,1,1,1
2026-09-14T06:09:11.261658,1307945,56,9.54,198,0,34.8,0,264.4,1,1,1
2026-09-14T06:09:12.267727,1308951,56,9.55,142,0,34.7,0,365.3,1,1,1
2026-09-14T06:09:13.273828,1309957,56,9.51,186,0,34.7,0,362.4,1,1,1
2026-09-14T06:09:14.280853,1310964,56,9.53,64,0,34.7,0,382.4,1,1,1
2026-09-14T06:09:15.286941,1311970,56,9.54,37,0,34.7,0,414.0,1,1,1
2026-09-14T06:09:16.293018,1312976,56,9.65,62,0,34.7,0,505.7,1,1,1
2026-09-14T06:09:17.299094,1313982,56,9.60,48,0,34.7,0,526.0,1,1,1
2026-09-14T06:09:18.305196,1314988,56,9.55,198,0,34.6,0,465.4,1,1,1
2026-09-14T06:09:19.311256,1315994,56,9.60,198,0,34.6,0,456.9,1,1,1
2026-09-14T06:09:20.317313,1317000,56,9.56,198,0,34.6,0,456.9,1,1,1
2026-09-14T06:09:21.323393,1318006,56,9.71,198,0,34.6,0,612.3,1,1,1
2026-09-14T06:09:22.329472,1319012,56,9.73,64,0,34.5,0,661.0,1,1,1
2026-09-14T06:09:23.336554,1320019,56,9.54,102,0,34.5,0,609.0,1,1,1
2026-09-14T06:09:24.342560,1321025,56,9.49,64,0,34.7,0,612.0,1,1,1
2026-09-14T06:09:25.348631,1322031,56,9.61,93,0,34.7,0,399.4,1,1,1
2026-09-14T06:09:27.200082,1323882,56,9.51,186,0,34.6,0,356.4,1,1,1
2026-09-14T06:09:28.205905,1324888,56,9.64,186,0,34.7,0,356.4,1,1,1
2026-09-14T06:09:29.211961,1325894,56,9.52,66,0,34.7,0,394.0,1,1,1
2026-09-14T06:09:30.219026,1326901,56,9.57,55,0,34.6,0,376.7,1,1,1
2026-09-14T06:09:31.225138,1327907,56,9.52,186,0,34.6,0,396.9,1,1,1
2026-09-14T06:09:32.231179,1328913,56,9.57,96,0,34.7,0,353.7,1,1,1
2026-09-14T06:09:33.237257,1329919,56,9.55,52,0,34.7,0,382.4,1,1,1
2026-09-14T06:09:34.243386,1330925,56,9.54,69,0,34.7,0,376.7,1,1,1
2026-09-14T06:09:35.249411,1331931,56,9.55,69,0,34.7,0,336.3,1,1,1
2026-09-14T06:09:36.256466,1332938,56,9.57,62,0,34.7,0,298.9,1,1,1
2026-09-14T06:09:37.262544,1333944,56,9.54,66,0,34.7,0,250.0,1,1,1
2026-09-14T06:09:38.268624,1334950,56,9.61,62,0,34.9,0,215.3,1,1,1
2026-09-14T06:09:39.274687,1335956,56,9.60,66,0,34.9,0,149.0,1,1,1
2026-09-14T06:09:40.281023,1336962,56,9.62,63,0,34.7,0,114.4,1,1,1
2026-09-14T06:09:41.286892,1337968,56,9.49,198,0,34.7,0,137.6,1,1,1
2026-09-14T06:09:42.292918,1338974,56,9.64,186,0,34.7,0,186.3,1,1,1
2026-09-14T06:09:43.299060,1339980,56,9.58,64,0,34.7,0,264.1,1,1,1
2026-09-14T06:09:44.306049,1340987,56,9.60,64,0,34.8,0,264.1,1,1,1
2026-09-14T06:09:45.312110,1341993,56,9.50,198,0,34.8,0,494.3,1,1,1
2026-09-14T06:09:47.183497,1343864,56,9.59,74,0,34.7,0,560.3,1,1,1
2026-09-14T06:09:48.189314,1344870,56,9.57,74,0,34.9,0,560.3,1,1,1
2026-09-14T06:09:49.195440,1345876,56,9.54,63,0,34.9,0,494.3,1,1,1
2026-09-14T06:09:50.201482,1346882,56,9.57,51,0,34.7,0,488.6,1,1,1
2026-09-14T06:09:51.207571,1347888,56,9.54,93,0,34.7,0,528.9,1,1,1
2026-09-14T06:09:52.213622,1348894,56,9.56,69,0,34.7,0,474.1,1,1,1
2026-09-14T06:09:53.220721,1349901,56,9.51,66,0,34.7,0,402.3,1,1,1
2026-09-14T06:09:54.226785,1350907,56,9.52,66,0,34.9,0,402.3,1,1,1
2026-09-14T06:09:55.232888,1351913,56,9.55,31,0,34.9,0,375.0,1,1,1
2026-09-14T06:09:56.238975,1352919,56,9.55,93,0,34.9,0,459.7,1,1,1
2026-09-14T06:09:57.245043,1353925,62,9.52,93,0,34.9,0,459.7,1,1,1
2026-09-14T06:09:58.251076,1354931,62,9.64,186,0,34.7,0,517.3,0,1,1
2026-09-14T06:09:59.257171,1355937,62,9.33,96,0,34.7,0,554.7,0,1,1
2026-09-14T06:10:00.263199,1356943,62,9.35,64,0,34.8,0,458.3,0,1,1
2026-09-14T06:10:01.269302,1357949,52,9.40,78,0,34.8,1,386.3,0,1,1
2026-09-14T06:10:02.275381,1358955,64,9.88,102,0,34.9,0,341.3,0,1,1
2026-09-14T06:10:03.282490,1359962,67,9.60,102,0,34.9,0,341.3,1,1,1
2026-09-14T06:10:04.288504,1360968,73,9.56,32,0,34.8,0,433.1,0,1,1
2026-09-14T06:10:05.294626,1361974,70,9.55,69,0,34.8,0,536.7,0,1,1
2026-09-14T06:10:07.346968,1364026,70,9.53,121,0,34.8,0,546.9,0,1,1
2026-09-14T06:10:08.352809,1365032,70,9.53,114,0,34.7,0,508.3,0,1,1
2026-09-14T06:10:09.359871,1366039,67,9.50,198,0,34.7,0,560.6,0,1,1
2026-09-14T06:10:10.366087,1367045,71,9.54,76,0,34.9,0,560.7,0,1,1
2026-09-14T06:10:11.372023,1368051,73,9.55,90,0,34.9,0,399.9,0,1,1
2026-09-14T06:10:12.378089,1369057,78,9.54,71,0,35.0,0,287.7,0,1,1
2026-09-14T06:10:13.384219,1370063,75,9.51,42,0,35.0,0,315.0,0,1,1
2026-09-14T06:10:14.390218,1371069,72,9.35,42,0,34.9,0,315.0,0,1,1
2026-09-14T06:10:15.396311,1372075,82,9.64,35,0,34.9,0,350.7,0,1,1
2026-09-14T06:10:16.403456,1373082,74,9.56,124,0,34.7,0,405.3,0,1,1
2026-09-14T06:10:17.409454,1374088,76,9.56,70,0,34.7,0,381.1,0,1,1
2026-09-14T06:10:18.415538,1375094,66,9.57,66,0,34.9,0,362.4,0,1,1
2026-09-14T06:10:19.421617,1376100,71,9.60,186,0,34.9,0,325.1,0,1,1
2026-09-14T06:10:20.427705,1377106,64,9.57,71,0,34.9,0,279.1,0,1,1
2026-09-14T06:10:21.433753,1378112,73,9.57,102,0,34.9,0,264.9,0,1,1
2026-09-14T06:10:22.440805,1379119,69,9.57,69,0,34.8,0,300.9,0,1,1
2026-09-14T06:10:23.446882,1380125,76,9.56,51,0,34.8,0,286.1,0,1,1
2026-09-14T06:10:24.453021,1381131,76,9.53,41,0,34.8,0,316.4,0,1,1
2026-09-14T06:10:25.459008,1382137,64,9.55,64,0,34.8,0,379.7,0,1,1
2026-09-14T06:10:27.413825,1384092,64,9.51,64,0,34.6,0,379.7,0,1,1
2026-09-14T06:10:28.417304,1385095,64,9.57,198,0,34.6,0,394.0,0,1,1
2026-09-14T06:10:29.423878,1386102,63,9.59,106,0,34.7,0,356.6,0,1,1
2026-09-14T06:10:30.429397,1387107,53,9.45,198,0,34.7,1,408.0,0,1,1
2026-09-14T06:10:31.436047,1388114,64,9.57,85,0,34.7,0,422.4,1,1,1
2026-09-14T06:10:32.442559,1389120,64,9.52,141,0,34.7,0,316.4,0,1,1
2026-09-14T06:10:33.448189,1390126,64,9.56,141,0,34.9,0,316.4,0,1,1
2026-09-14T06:10:34.454676,1391132,65,9.63,50,0,34.9,0,388.3,0,1,1
2026-09-14T06:10:35.461320,1392139,65,9.64,42,0,34.7,0,374.0,0,1,1
2026-09-14T06:10:36.466823,1393144,65,9.59,67,0,34.7,0,365.6,0,1,1
2026-09-14T06:10:37.473453,1394151,65,9.47,43,0,34.7,0,380.1,0,1,1
2026-09-14T06:10:38.480014,1395157,71,9.53,90,0,34.7,0,457.7,0,1,1
2026-09-14T06:10:39.485597,1396163,72,9.52,80,0,34.7,0,402.9,0,1,1
2026-09-14T06:10:40.492139,1397169,66,9.58,33,0,34.7,0,549.4,0,1,1
2026-09-14T06:10:41.497740,1398175,65,9.54,99,0,34.9,0,661.6,0,1,1
2026-09-14T06:10:42.504283,1399181,64,9.60,66,0,34.9,0,629.7,0,1,1
2026-09-14T06:10:43.510971,1400188,64,9.59,149,0,34.7,0,532.0,0,1,1
2026-09-14T06:10:44.516484,1401193,70,9.51,186,0,34.7,0,419.9,0,1,1
2026-09-14T06:10:45.523052,1402200,70,9.55,186,0,34.7,0,258.9,0,1,1
2026-09-14T06:10:47.293878,1403970,70,9.58,186,0,34.7,0,258.9,0,1,1
2026-09-14T06:10:48.300717,1404977,70,9.59,186,0,34.7,0,215.9,0,1,1
2026-09-14T06:10:49.306801,1405983,66,9.61,198,0,34.7,0,204.0,0,1,1
2026-09-14T06:10:50.312835,1406989,73,9.60,96,0,34.7,0,232.7,0,1,1
2026-09-14T06:10:51.318906,1407995,66,9.53,96,0,34.7,0,278.6,0,1,1
2026-09-14T06:10:52.325027,1409001,66,9.61,102,0,34.9,0,313.0,0,1,1
2026-09-14T06:10:53.331057,1410007,59,9.55,102,0,34.9,0,313.0,0,1,1
2026-09-14T06:10:54.337086,1411013,59,9.55,96,0,34.9,0,408.4,0,1,1
2026-09-14T06:10:55.344189,1412020,59,9.52,114,0,34.9,0,339.3,0,1,1
2026-09-14T06:10:56.350267,1413026,59,9.66,64,0,34.7,0,336.6,0,1,1
2026-09-14T06:10:57.356372,1414032,59,9.59,71,0,34.7,0,305.0,0,1,1
2026-09-14T06:10:58.362409,1415038,59,9.55,48,0,34.6,0,325.3,0,1,1
2026-09-14T06:10:59.368570,1416044,59,9.57,63,0,34.6,0,285.0,0,1,1
2026-09-14T06:11:00.374623,1417050,59,9.46,63,0,34.7,0,207.3,1,1,1
2026-09-14T06:11:01.380646,1418056,54,9.56,63,0,34.7,1,207.3,1,1,1
2026-09-14T06:11:02.386756,1419062,54,9.49,31,0,34.6,1,316.7,1,1,1
2026-09-14T06:11:03.392847,1420068,54,9.53,64,0,34.6,1,460.4,1,1,1
2026-09-14T06:11:04.398849,1421074,54,9.58,66,0,34.7,1,451.6,1,1,1
2026-09-14T06:11:05.405914,1422081,54,9.53,53,0,34.7,1,425.4,1,1,1
2026-09-14T06:11:07.358263,1424033,54,9.57,53,0,34.7,1,425.4,1,1,1
2026-09-14T06:11:08.364146,1425039,54,9.61,53,0,34.6,1,425.4,1,1,1
2026-09-14T06:11:09.370212,1426045,54,9.55,53,0,34.6,1,425.4,1,1,1
2026-09-14T06:11:10.376301,1427051,54,9.56,114,0,34.7,1,531.3,1,1,1
2026-09-14T06:11:11.382375,1428057,44,9.57,114,0,34.7,1,531.3,1,1,1
2026-09-14T06:11:12.388410,1429063,50,9.55,66,0,34.7,1,313.6,1,1,1
2026-09-14T06:11:13.394555,1430069,59,9.54,87,0,34.7,0,407.4,1,1,1
2026-09-14T06:11:14.400646,1431075,66,9.57,186,0,34.7,0,310.0,0,1,1
2026-09-14T06:11:15.407744,1432082,66,9.63,175,0,34.7,0,300.1,0,1,1
2026-09-14T06:11:16.413769,1433088,66,9.58,99,0,34.7,0,317.9,0,1,1
2026-09-14T06:11:17.419811,1434094,66,9.58,69,0,34.7,0,273.0,0,1,1
2026-09-14T06:11:18.425881,1435100,66,9.53,80,0,34.7,0,232.7,0,1,1
2026-09-14T06:11:19.431931,1436106,66,9.63,64,0,34.7,0,212.4,0,1,1
2026-09-14T06:11:20.438023,1437112,64,9.66,110,0,34.7,0,218.1,0,1,1
2026-09-14T06:11:21.445176,1438119,60,9.69,110,0,34.7,0,218.1,0,1,1
2026-09-14T06:11:22.451162,1439125,64,9.55,78,0,34.7,0,431.1,0,1,1
2026-09-14T06:11:23.457299,1440131,64,9.41,119,0,34.7,0,431.1,0,1,1
2026-09-14T06:11:24.463299,1441137,64,9.55,69,0,34.6,0,465.9,0,1,1
2026-09-14T06:11:25.469378,1442143,63,9.55,64,0,34.6,0,448.6,0,1,1
2026-09-14T06:11:27.340755,1444014,63,9.62,64,0,34.7,0,448.6,0,1,1
2026-09-14T06:11:28.346608,1445020,63,9.52,64,0,34.9,0,448.6,0,1,1
2026-09-14T06:11:29.352683,1446026,62,9.56,78,0,34.9,0,417.0,0,1,1
2026-09-14T06:11:30.358757,1447032,71,9.54,78,0,34.6,0,253.1,0,1,1
2026-09-14T06:11:31.364826,1448038,71,9.57,114,0,34.6,0,181.1,0,1,1
2026-09-14T06:11:32.370983,1449044,71,9.54,96,0,34.6,0,155.0,0,1,1
2026-09-14T06:11:33.377942,1450051,71,9.57,70,0,34.6,0,178.4,0,1,1
2026-09-14T06:11:34.384033,1451057,71,9.57,71,0,34.6,0,230.3,0,1,1
2026-09-14T06:11:35.390088,1452063,71,9.60,71,0,34.6,0,230.3,0,1,1
2026-09-14T06:11:36.396171,1453069,71,9.56,35,0,34.8,0,284.9,0,1,1
2026-09-14T06:11:37.402275,1454075,71,9.60,67,0,34.8,0,368.1,0,1,1
2026-09-14T06:11:38.408400,1455081,71,9.56,72,0,34.6,0,371.3,0,1,1
2026-09-14T06:11:39.414404,1456087,71,9.45,90,0,34.6,0,382.9,0,1,1
2026-09-14T06:11:40.420458,1457093,71,9.56,63,0,34.7,0,385.6,0,1,1
2026-09-14T06:11:41.426598,1458099,71,9.54,142,0,34.7,0,302.3,0,1,1
2026-09-14T06:11:42.432616,1459105,71,9.60,69,0,34.7,0,250.9,0,1,1
2026-09-14T06:11:43.438740,1460111,71,9.54,144,0,34.7,0,286.3,0,1,1
2026-09-14T06:11:44.444759,1461117,71,9.56,56,0,34.6,0,336.3,0,1,1
2026-09-14T06:11:45.450825,1462123,71,9.57,74,0,34.6,0,333.3,0,1,1
2026-09-14T06:11:47.403643,1464076,71,9.53,60,0,34.8,0,284.4,0,1,1
2026-09-14T06:11:48.409032,1465081,71,9.64,60,0,34.8,0,284.4,0,1,1
2026-09-14T06:11:49.415695,1466088,71,9.57,102,0,34.9,0,341.9,0,1,1
2026-09-14T06:11:50.422207,1467094,71,9.61,71,0,34.9,0,315.9,0,1,1
2026-09-14T06:11:51.427873,1468100,71,9.52,67,0,34.9,0,262.4,0,1,1
2026-09-14T06:11:52.434330,1469106,71,9.54,71,0,34.9,0,263.0,0,1,1
2026-09-14T06:11:53.440001,1470112,71,9.56,53,0,34.7,0,210.1,0,1,1
2026-09-14T06:11:54.446482,1471118,71,9.53,39,0,34.7,0,230.3,0,1,1
2026-09-14T06:11:55.452104,1472124,71,9.61,52,0,34.9,0,259.0,0,1,1
2026-09-14T06:11:56.458660,1473130,71,9.52,106,0,34.9,0,284.9,0,1,1
2026-09-14T06:11:57.464292,1474136,71,9.54,74,0,34.9,0,282.0,0,1,1
2026-09-14T06:11:58.470760,1475142,71,9.59,59,0,34.9,0,304.9,0,1,1
2026-09-14T06:11:59.477420,1476149,71,9.58,39,0,34.8,0,370.9,0,1,1
2026-09-14T06:12:00.482987,1477154,71,9.51,135,0,34.8,0,425.4,0,1,1
2026-09-14T06:12:01.489592,1478161,71,9.49,87,0,35.1,0,405.3,0,1,1
2026-09-14T06:12:02.496092,1479167,71,9.58,110,0,35.1,0,359.0,0,1,1
2026-09-14T06:12:03.501724,1480173,71,9.56,166,0,35.1,0,359.1,0,1,1
2026-09-14T06:12:04.508209,1481179,71,9.59,198,0,35.1,0,238.7,0,1,1
2026-09-14T06:12:05.513918,1482185,71,9.49,110,0,34.9,0,238.9,0,1,1
2026-09-14T06:12:07.367603,1484038,71,9.58,72,0,34.9,0,253.1,0,1,1
2026-09-14T06:12:08.371561,1485042,71,9.53,72,0,35.0,0,253.1,0,1,1
2026-09-14T06:12:09.377566,1486048,71,9.53,71,0,35.0,0,210.1,0,1,1
2026-09-14T06:12:10.383631,1487054,71,9.56,76,0,34.9,0,181.4,0,1,1
2026-09-14T06:12:11.390721,1488061,71,9.57,114,0,34.9,0,155.4,0,1,1
2026-09-14T06:12:12.396767,1489067,71,9.57,35,0,34.9,0,307.6,0,1,1
2026-09-14T06:12:13.402847,1490073,71,9.56,71,0,34.9,0,405.3,0,1,1
2026-09-14T06:12:14.409007,1491079,71,9.60,76,0,34.9,0,379.3,0,1,1
2026-09-14T06:12:15.414995,1492085,71,9.67,72,0,34.9,0,344.9,0,1,1
2026-09-14T06:12:16.421111,1493091,71,9.53,71,0,34.9,0,344.9,0,1,1
2026-09-14T06:12:17.427155,1494097,71,9.69,32,0,34.9,0,480.1,0,1,1
2026-09-14T06:12:18.433300,1495103,71,9.53,110,0,35.0,0,629.7,0,1,1
2026-09-14T06:12:19.440274,1496110,71,9.55,72,0,35.0,0,506.1,0,1,1
2026-09-14T06:12:20.446377,1497116,71,9.56,37,0,35.0,0,500.4,0,1,1
2026-09-14T06:12:21.452488,1498122,71,9.56,55,0,35.0,0,566.7,0,1,1
2026-09-14T06:12:22.458569,1499128,71,9.52,80,0,34.9,0,609.7,0,1,1
2026-09-14T06:12:23.464599,1500134,71,9.59,198,0,34.9,0,526.3,0,1,1
2026-09-14T06:12:24.470661,1501140,71,9.58,66,0,35.1,0,425.4,0,1,1
2026-09-14T06:12:25.476726,1502146,71,9.57,99,0,35.1,0,428.1,0,1,1
2026-09-14T06:12:27.349046,1504018,71,9.55,55,0,34.9,0,384.9,0,1,1
2026-09-14T06:12:28.354950,1505024,71,9.48,55,0,35.1,0,384.9,0,1,1
2026-09-14T06:12:29.361042,1506030,71,9.53,74,0,35.1,0,350.1,0,1,1
2026-09-14T06:12:30.367080,1507036,71,9.55,74,0,35.1,0,350.1,0,1,1
2026-09-14T06:12:31.373298,1508042,71,9.54,36,0,35.1,0,423.4,0,1,1
2026-09-14T06:12:32.379227,1509048,71,9.57,37,0,35.2,0,417.3,0,1,1
2026-09-14T06:12:33.385362,1510054,71,9.56,54,0,35.2,0,439.1,0,1,1
2026-09-14T06:12:34.391429,1511060,71,9.54,54,0,35.2,0,439.1,0,1,1
2026-09-14T06:12:35.397471,1512066,71,9.57,186,0,35.2,0,485.7,0,1,1
2026-09-14T06:12:36.404524,1513073,71,9.48,96,0,34.9,0,511.6,0,1,1
2026-09-14T06:12:37.410606,1514079,71,9.53,85,0,34.9,0,401.0,0,1,1
2026-09-14T06:12:38.416654,1515085,71,9.59,70,0,35.1,0,413.0,0,1,1
2026-09-14T06:12:39.422740,1516091,71,9.59,58,0,35.1,0,368.0,0,1,1
2026-09-14T06:12:40.428894,1517097,71,9.56,129,0,34.9,0,272.7,0,1,1
2026-09-14T06:12:41.434889,1518103,71,9.57,74,0,34.9,0,232.7,0,1,1
2026-09-14T06:12:42.440964,1519109,71,9.56,74,0,35.2,0,232.7,0,1,1
2026-09-14T06:12:43.448056,1520116,71,9.54,119,0,35.2,0,451.0,0,1,1
2026-09-14T06:12:44.454086,1521122,71,9.53,57,0,35.1,0,502.9,0,1,1
2026-09-14T06:12:45.460211,1522128,71,9.60,198,0,35.1,0,528.7,0,1,1
2026-09-14T06:12:47.311539,1523979,71,9.60,198,0,35.1,0,528.7,0,1,1
2026-09-14T06:12:48.317454,1524985,71,9.56,191,0,35.1,0,507.3,0,1,1
2026-09-14T06:12:49.323472,1525991,71,9.64,76,0,35.1,0,405.1,0,1,1
2026-09-14T06:12:50.329526,1526997,71,9.59,76,0,35.2,0,258.6,0,1,1
2026-09-14T06:12:51.335647,1528003,71,9.49,110,0,35.2,0,215.6,0,1,1
2026-09-14T06:12:52.342669,1529010,71,9.57,75,0,35.2,0,145.6,0,1,1
2026-09-14T06:12:53.348752,1530016,71,9.57,75,0,35.2,0,145.6,0,1,1
2026-09-14T06:12:54.354838,1531022,71,9.63,74,0,35.1,0,201.1,0,1,1
2026-09-14T06:12:55.360950,1532028,71,9.58,124,0,35.1,0,273.1,0,1,1
2026-09-14T06:12:56.367045,1533034,71,9.59,124,0,35.0,0,225.7,0,1,1
2026-09-14T06:12:57.373044,1534040,71,9.59,93,0,35.0,0,248.0,0,1,1
2026-09-14T06:12:58.379159,1535046,71,9.50,106,0,35.0,0,183.9,0,1,1
2026-09-14T06:12:59.385245,1536052,71,9.61,72,0,35.0,0,160.7,0,1,1
2026-09-14T06:13:00.391259,1537058,71,9.58,54,0,34.9,0,186.6,0,1,1
2026-09-14T06:13:01.398330,1538065,71,9.60,76,0,34.9,0,221.3,0,1,1
2026-09-14T06:13:02.404453,1539071,71,9.58,198,0,35.1,0,235.9,0,1,1
2026-09-14T06:13:03.410500,1540077,71,9.55,119,0,35.1,0,227.3,0,1,1
2026-09-14T06:13:04.416563,1541083,71,9.55,71,0,35.2,0,238.9,0,1,1
2026-09-14T06:13:05.422652,1542089,71,9.53,78,0,35.2,0,210.0,0,1,1
2026-09-14T06:13:07.495971,1544162,71,9.60,78,0,35.1,0,210.0,0,1,1
2026-09-14T06:13:08.501866,1545168,71,9.56,69,0,35.1,0,178.3,0,1,1
2026-09-14T06:13:09.507931,1546174,71,9.52,165,0,35.1,0,206.9,0,1,1
2026-09-14T06:13:10.513995,1547180,71,9.53,66,0,35.2,0,241.9,0,1,1
2026-09-14T06:13:11.520114,1548186,71,9.54,93,0,35.2,0,230.4,0,1,1
2026-09-14T06:13:12.526214,1549192,71,9.61,55,0,35.1,0,282.1,0,1,1
2026-09-14T06:13:13.532245,1550198,71,9.57,142,0,35.1,0,299.1,0,1,1
2026-09-14T06:13:14.538332,1551204,71,9.48,45,0,35.2,0,420.1,0,1,1
2026-09-14T06:13:15.545499,1552211,71,9.40,198,0,35.2,0,471.4,0,1,1
2026-09-14T06:13:16.551434,1553217,71,9.56,71,0,35.2,0,511.6,0,1,1
2026-09-14T06:13:17.557533,1554223,71,9.54,198,0,35.2,0,448.6,0,1,1
2026-09-14T06:13:18.563591,1555229,71,9.54,117,0,35.1,0,461.1,0,1,1
2026-09-14T06:13:19.569659,1556235,70,9.58,71,0,35.1,0,356.7,0,1,1
2026-09-14T06:13:20.575757,1557241,70,9.56,198,0,35.2,0,316.4,0,1,1
2026-09-14T06:13:21.581898,1558247,70,9.53,114,0,35.2,0,302.0,0,1,1
2026-09-14T06:13:22.587911,1559253,70,9.56,52,0,35.3,0,359.6,0,1,1
2026-09-14T06:13:23.593966,1560259,70,9.57,76,0,35.3,0,354.9,0,1,1
2026-09-14T06:13:24.600059,1561265,70,9.58,82,0,35.2,0,321.4,0,1,1
2026-09-14T06:13:25.606180,1562271,70,9.59,135,0,35.2,0,301.4,0,1,1
2026-09-14T06:13:27.558922,1564224,70,9.56,148,0,35.1,0,275.4,0,1,1
2026-09-14T06:13:28.564368,1565229,70,9.56,186,0,35.1,0,197.9,0,1,1
2026-09-14T06:13:29.570939,1566236,70,9.50,74,0,35.1,0,183.6,0,1,1
2026-09-14T06:13:30.577536,1567242,70,9.58,198,0,35.1,0,215.6,0,1,1
2026-09-14T06:13:31.583066,1568248,70,9.58,76,0,35.2,0,227.0,0,1,1
2026-09-14T06:13:32.589643,1569254,70,9.48,76,0,35.2,0,227.0,0,1,1
2026-09-14T06:13:33.595268,1570260,70,9.56,108,0,35.2,0,360.3,0,1,1
2026-09-14T06:13:34.601772,1571266,70,9.56,108,0,35.2,0,360.3,0,1,1
2026-09-14T06:13:35.607386,1572272,70,9.58,35,0,35.1,0,450.7,0,1,1
2026-09-14T06:13:36.613894,1573278,70,9.60,124,0,35.1,0,548.4,0,1,1
2026-09-14T06:13:37.619589,1574284,70,9.57,199,0,35.3,0,504.1,0,1,1
2026-09-14T06:13:38.626052,1575290,70,9.62,72,0,35.3,0,487.3,0,1,1
2026-09-14T06:13:39.632673,1576297,70,9.59,76,0,35.1,0,333.6,0,1,1
2026-09-14T06:13:40.638200,1577302,70,9.52,114,0,35.1,0,212.9,0,1,1
2026-09-14T06:13:41.643843,1578308,70,9.59,80,0,35.2,0,212.6,0,1,1
2026-09-14T06:13:42.650351,1579314,70,9.59,141,0,35.2,0,229.3,0,1,1
2026-09-14T06:13:43.656951,1580321,70,9.53,74,0,35.2,0,208.9,0,1,1
2026-09-14T06:13:44.662518,1581326,70,9.58,90,0,35.2,0,309.3,0,1,1
2026-09-14T06:13:45.669150,1582333,70,9.56,85,0,35.2,0,363.9,0,1,1
2026-09-14T06:13:47.419871,1584083,70,9.53,85,0,35.2,0,363.9,0,1,1
2026-09-14T06:13:48.425823,1585089,70,9.51,175,0,35.2,0,589.0,0,1,1
2026-09-14T06:13:49.431839,1586095,70,9.60,64,0,35.2,0,626.4,0,1,1
2026-09-14T06:13:50.437892,1587101,70,9.58,90,0,35.1,0,551.7,0,1,1
2026-09-14T06:13:51.444282,1588107,70,9.61,186,0,35.1,0,543.1,0,1,1
2026-09-14T06:13:52.450087,1589113,70,9.58,41,0,35.1,0,548.9,0,1,1
2026-09-14T06:13:53.456164,1590119,70,9.49,198,0,35.1,0,416.7,0,1,1
2026-09-14T06:13:54.462253,1591125,70,9.53,114,0,35.1,0,408.1,0,1,1
2026-09-14T06:13:55.468237,1592131,70,8.82,76,0,35.1,0,442.7,0,1,1
2026-09-14T06:13:56.474353,1593137,70,9.58,198,0,35.0,0,387.9,0,1,1
2026-09-14T06:13:57.480446,1594143,70,9.60,57,0,35.0,0,362.0,0,1,1
2026-09-14T06:13:58.486477,1595149,70,9.61,45,0,35.2,0,379.0,0,1,1
2026-09-14T06:13:59.492595,1596155,70,9.42,74,0,35.2,0,439.3,0,1,1
2026-09-14T06:14:00.498635,1597161,70,9.52,198,0,35.1,0,442.1,0,1,1
2026-09-14T06:14:01.504777,1598167,70,9.44,72,0,35.1,0,473.9,0,1,1
2026-09-14T06:14:02.510787,1599173,70,9.46,114,0,35.1,0,298.4,0,1,1
2026-09-14T06:14:03.516828,1600179,70,9.82,76,0,35.1,0,298.4,0,1,1
2026-09-14T06:14:04.522916,1601185,77,9.58,67,0,35.1,0,241.3,0,1,1
2026-09-14T06:14:05.529024,1602191,71,9.56,148,0,35.1,0,238.4,0,1,1
2026-09-14T06:14:07.501357,1604163,84,9.52,148,0,35.1,0,238.4,0,1,1
2026-09-14T06:14:08.507206,1605169,84,9.52,97,0,35.1,0,194.0,0,1,1
2026-09-14T06:14:09.513340,1606175,84,9.56,78,0,35.1,0,212.4,0,1,1
2026-09-14T06:14:10.519359,1607181,84,9.53,114,0,35.0,0,209.4,0,1,1
2026-09-14T06:14:11.525425,1608187,84,9.55,71,0,35.0,0,240.7,0,1,1
2026-09-14T06:14:12.531498,1609193,84,9.46,71,0,35.1,0,203.1,0,1,1
2026-09-14T06:14:13.537587,1610199,84,9.50,71,0,35.1,0,171.7,0,1,1
2026-09-14T06:14:14.544678,1611206,84,9.30,102,0,34.9,0,226.4,0,1,1
2026-09-14T06:14:15.550761,1612212,84,9.68,59,0,34.9,0,266.9,0,1,1
2026-09-14T06:14:16.556807,1613218,84,9.59,135,0,34.9,0,247.1,0,1,1
2026-09-14T06:14:17.562928,1614224,84,9.59,106,0,34.9,0,264.3,0,1,1
2026-09-14T06:14:18.568989,1615230,84,9.58,69,0,34.9,0,307.4,0,1,1
2026-09-14T06:14:19.574988,1616236,84,9.57,64,0,34.9,0,281.6,0,1,1
2026-09-14T06:14:20.581126,1617242,84,9.62,51,0,35.1,0,244.1,0,1,1
2026-09-14T06:14:21.587204,1618248,84,9.38,80,0,35.1,0,244.3,0,1,1
2026-09-14T06:14:22.593223,1619254,84,9.52,70,0,35.1,0,179.9,0,1,1
2026-09-14T06:14:23.599749,1620260,84,9.55,198,0,35.1,0,241.9,0,1,1
2026-09-14T06:14:24.605404,1621266,84,9.67,102,0,35.0,0,316.3,0,1,1
2026-09-14T06:14:25.611479,1622272,84,9.63,102,0,35.0,0,316.3,0,1,1
2026-09-14T06:14:27.462781,1624123,84,9.52,102,0,35.1,0,316.3,0,1,1
2026-09-14T06:14:28.468663,1625129,84,9.67,102,0,35.0,0,316.3,0,1,1
2026-09-14T06:14:29.474727,1626135,84,9.55,82,0,35.0,0,302.0,0,1,1
2026-09-14T06:14:30.481135,1627141,84,9.59,102,0,35.1,0,343.6,0,1,1
2026-09-14T06:14:31.487858,1628148,84,9.55,67,0,35.1,0,380.9,0,1,1
2026-09-14T06:14:32.493967,1629154,84,9.46,192,0,35.1,0,383.9,0,1,1
2026-09-14T06:14:33.500014,1630160,84,9.55,43,0,35.1,0,453.1,0,1,1
2026-09-14T06:14:34.506101,1631166,84,9.48,37,0,35.0,0,440.3,0,1,1
2026-09-14T06:14:35.512182,1632172,84,9.79,119,0,35.0,0,581.3,0,1,1
2026-09-14T06:14:36.518240,1633178,84,9.53,135,0,35.1,0,521.0,0,1,1
2026-09-14T06:14:37.524321,1634184,84,9.53,199,0,35.1,0,433.1,0,1,1
2026-09-14T06:14:38.530398,1635190,84,9.60,199,0,35.1,0,433.1,0,1,1
2026-09-14T06:14:39.536463,1636196,84,9.54,43,0,35.1,0,558.4,0,1,1
2026-09-14T06:14:40.543540,1637203,84,9.57,37,0,34.9,0,408.9,0,1,1
2026-09-14T06:14:41.549610,1638209,84,9.58,60,0,34.9,0,472.1,0,1,1
2026-09-14T06:14:42.555661,1639215,84,9.49,76,0,35.1,0,472.1,0,1,1
2026-09-14T06:14:43.561751,1640221,84,9.60,85,0,35.1,0,463.1,0,1,1
2026-09-14T06:14:44.567840,1641227,84,9.49,85,0,35.0,0,463.1,0,1,1
2026-09-14T06:14:45.573912,1642233,84,9.54,106,0,35.0,0,420.0,0,1,1
2026-09-14T06:14:47.545742,1644205,84,9.56,106,0,35.1,0,420.0,0,1,1
2026-09-14T06:14:48.552122,1645211,84,9.58,106,0,35.1,0,420.0,0,1,1
2026-09-14T06:14:49.557835,1646217,84,9.53,106,0,35.1,0,204.0,0,1,1
2026-09-14T06:14:50.564333,1647223,84,9.56,106,0,35.1,0,158.0,0,1,1
2026-09-14T06:14:51.570913,1648230,84,9.62,71,0,35.0,0,169.3,0,1,1
2026-09-14T06:14:52.576403,1649235,84,9.59,52,0,35.0,0,201.1,0,1,1
2026-09-14T06:14:53.583045,1650242,84,9.47,106,0,35.1,0,264.4,0,1,1
2026-09-14T06:14:54.589530,1651248,84,9.52,69,0,35.1,0,284.6,0,1,1
2026-09-14T06:14:55.595155,1652254,84,9.58,72,0,35.0,0,253.0,0,1,1
2026-09-14T06:14:56.601678,1653260,84,9.61,198,0,35.0,0,258.7,0,1,1
2026-09-14T06:14:57.607303,1654266,84,9.53,72,0,35.1,0,250.0,0,1,1
2026-09-14T06:14:58.613820,1655272,84,9.51,90,0,35.1,0,232.7,0,1,1
2026-09-14T06:14:59.619483,1656278,84,9.63,186,0,35.2,0,301.9,0,1,1
2026-09-14T06:15:00.625991,1657284,84,9.60,43,0,35.2,0,379.4,0,1,1
2026-09-14T06:15:01.631635,1658290,84,9.53,157,0,35.2,0,465.7,0,1,1
2026-09-14T06:15:02.638137,1659296,84,9.50,45,0,35.2,0,526.1,0,1,1
2026-09-14T06:15:03.644757,1660303,84,9.56,93,0,35.1,0,600.9,0,1,1
2026-09-14T06:15:04.650333,1661308,84,9.37,78,0,35.1,0,563.6,0,1,1
2026-09-14T06:15:05.656910,1662315,84,9.80,74,0,35.0,0,419.9,0,1,1
2026-09-14T06:15:07.508769,1664166,84,9.74,74,0,35.0,0,419.9,0,1,1
2026-09-14T06:15:08.514587,1665172,84,10.05,70,0,35.1,0,295.0,0,1,1
2026-09-14T06:15:09.520639,1666178,84,9.77,70,0,35.1,0,295.0,0,1,1
2026-09-14T06:15:10.526714,1667184,84,9.53,70,0,35.1,0,295.0,0,1,1
2026-09-14T06:15:11.532783,1668190,84,9.60,70,0,35.1,0,295.0,0,1,1
2026-09-14T06:15:12.538847,1669196,84,9.59,76,0,35.2,0,296.4,0,1,1
2026-09-14T06:15:13.544921,1670202,72,9.58,40,0,35.2,0,261.9,0,1,1
2026-09-14T06:15:14.552018,1671209,64,9.59,198,0,35.1,0,322.1,0,1,1
2026-09-14T06:15:15.558104,1672215,59,9.54,175,0,35.1,0,299.0,0,1,1
2026-09-14T06:15:16.564163,1673221,59,9.61,79,0,35.1,0,396.4,0,1,1
2026-09-14T06:15:17.570197,1674227,61,9.61,80,0,35.1,0,387.7,0,1,1
2026-09-14T06:15:18.576291,1675233,67,9.59,85,0,35.1,0,293.0,0,1,1
2026-09-14T06:15:19.582362,1676239,66,9.53,47,0,35.1,0,238.4,0,1,1
2026-09-14T06:15:20.588463,1677245,77,9.59,199,0,35.1,0,336.4,0,1,1
2026-09-14T06:15:21.594548,1678251,77,9.59,80,0,35.1,0,289.3,0,1,1
2026-09-14T06:15:22.600626,1679257,77,9.58,198,0,35.1,0,368.3,0,1,1
2026-09-14T06:15:23.607699,1680264,77,9.67,99,0,35.1,0,330.9,0,1,1
2026-09-14T06:15:24.613724,1681270,77,9.62,66,0,35.1,0,302.0,0,1,1
2026-09-14T06:15:25.619787,1682276,77,9.63,62,0,35.1,0,244.4,0,1,1
2026-09-14T06:15:27.472126,1684128,77,9.57,62,0,35.0,0,244.4,0,1,1
2026-09-14T06:15:28.477020,1685133,77,9.62,96,0,35.1,0,258.6,0,1,1
2026-09-14T06:15:29.483088,1686139,77,9.60,198,0,35.1,0,276.0,0,1,1
2026-09-14T06:15:30.489270,1687145,77,9.60,75,0,35.2,0,260.3,0,1,1
2026-09-14T06:15:31.496271,1688152,77,9.62,135,0,35.2,0,224.6,0,1,1
2026-09-14T06:15:32.502418,1689158,77,9.60,135,0,35.1,0,224.6,0,1,1
2026-09-14T06:15:33.508426,1690164,77,9.60,135,0,35.1,0,437.0,0,1,1
2026-09-14T06:15:34.514506,1691170,77,9.60,135,0,35.1,0,437.0,0,1,1
2026-09-14T06:15:35.520541,1692176,77,9.61,135,0,35.1,0,437.0,0,1,1
2026-09-14T06:15:36.526633,1693182,77,9.58,135,0,35.1,0,437.0,0,1,1
2026-09-14T06:15:37.532670,1694188,77,9.52,93,0,35.1,0,419.6,0,1,1
2026-09-14T06:15:38.539715,1695195,77,9.53,67,0,34.9,0,392.7,0,1,1
2026-09-14T06:15:39.545865,1696201,77,9.59,34,0,34.9,0,504.4,0,1,1
2026-09-14T06:15:40.551904,1697207,77,9.67,87,0,35.0,0,609.3,0,1,1
2026-09-14T06:15:41.558014,1698213,77,9.57,198,0,35.0,0,569.1,0,1,1
2026-09-14T06:15:42.564025,1699219,77,9.60,69,0,34.9,0,514.6,0,1,1
2026-09-14T06:15:43.570128,1700225,77,9.60,102,0,34.9,0,526.1,0,1,1
2026-09-14T06:15:44.576173,1701231,77,9.60,99,0,35.1,0,517.0,0,1,1
2026-09-14T06:15:45.582269,1702237,77,9.57,198,0,35.1,0,410.6,0,1,1
2026-09-14T06:15:47.454661,1704109,77,9.60,198,0,35.0,0,410.6,0,1,1
2026-09-14T06:15:48.460499,1705115,77,9.62,198,0,35.1,0,410.6,0,1,1
2026-09-14T06:15:49.466570,1706121,77,9.63,135,0,35.1,0,407.6,0,1,1
2026-09-14T06:15:50.472625,1707127,77,9.56,135,0,35.2,0,255.4,0,1,1
2026-09-14T06:15:51.478688,1708133,77,9.68,64,0,35.2,0,215.7,0,1,1
2026-09-14T06:15:52.484731,1709139,77,9.60,74,0,35.0,0,161.3,0,1,1
2026-09-14T06:15:53.491894,1710146,77,9.63,186,0,35.0,0,238.7,0,1,1
2026-09-14T06:15:54.497966,1711152,77,9.58,186,0,35.1,0,238.7,0,1,1
2026-09-14T06:15:55.504024,1712158,77,9.61,198,0,35.1,0,546.3,0,1,1
2026-09-14T06:15:56.510062,1713164,77,9.53,114,0,34.9,0,505.9,0,1,1
2026-09-14T06:15:57.516137,1714170,77,9.58,67,0,34.9,0,479.7,0,1,1
2026-09-14T06:15:58.522189,1715176,77,9.60,71,0,34.9,0,448.3,0,1,1
2026-09-14T06:15:59.528244,1716182,77,9.63,99,0,34.9,0,379.1,0,1,1
2026-09-14T06:16:00.534408,1717188,77,9.56,198,0,34.9,0,319.0,0,1,1
2026-09-14T06:16:01.540430,1718194,77,9.60,198,0,34.9,0,330.6,0,1,1
2026-09-14T06:16:02.546499,1719200,77,9.60,110,0,34.8,0,359.1,0,1,1
2026-09-14T06:16:03.552556,1720206,77,9.61,53,0,34.8,0,365.0,0,1,1
2026-09-14T06:16:04.559618,1721213,77,9.63,99,0,34.9,0,353.6,0,1,1
2026-09-14T06:16:05.565664,1722219,77,9.58,64,0,34.9,0,313.4,0,1,1
2026-09-14T06:16:07.618104,1724271,77,9.60,165,0,35.0,0,356.7,0,1,1
2026-09-14T06:16:08.623945,1725277,77,9.59,165,0,35.1,0,356.7,0,1,1
2026-09-14T06:16:09.630001,1726283,77,9.61,135,0,35.1,0,331.0,0,1,1
2026-09-14T06:16:10.636061,1727289,77,9.59,70,0,35.0,0,355.3,0,1,1
2026-09-14T06:16:11.642152,1728295,77,9.58,70,0,35.0,0,355.3,0,1,1
2026-09-14T06:16:12.648230,1729301,77,9.57,135,0,35.0,0,330.6,0,1,1
2026-09-14T06:16:13.654317,1730307,77,9.59,148,0,35.0,0,284.6,0,1,1
2026-09-14T06:16:14.661457,1731314,77,9.59,135,0,34.9,0,347.3,0,1,1
2026-09-14T06:16:15.667441,1732320,77,9.58,110,0,34.9,0,242.7,0,1,1
2026-09-14T06:16:16.673528,1733326,77,9.57,110,0,34.9,0,247.3,0,1,1
2026-09-14T06:16:17.679609,1734332,77,9.61,186,0,34.9,0,131.1,0,1,1
2026-09-14T06:16:18.685636,1735338,77,9.61,87,0,34.9,0,180.0,0,1,1
2026-09-14T06:16:19.691844,1736344,77,9.59,76,0,34.9,0,167.0,0,1,1
2026-09-14T06:16:20.697894,1737350,77,9.60,55,0,35.1,0,175.9,0,1,1
2026-09-14T06:16:21.704871,1738357,77,9.60,85,0,35.1,0,187.3,0,1,1
2026-09-14T06:16:22.710940,1739363,77,9.59,99,0,35.0,0,181.4,0,1,1
2026-09-14T06:16:23.717020,1740369,77,9.62,99,0,35.0,0,181.4,0,1,1
2026-09-14T06:16:24.723121,1741375,77,9.60,78,0,35.0,0,373.4,0,1,1
2026-09-14T06:16:25.729189,1742381,77,9.59,198,0,35.0,0,425.4,0,1,1
2026-09-14T06:16:27.684019,1744336,77,9.62,198,0,35.0,0,425.4,0,1,1
2026-09-14T06:16:28.687449,1745339,77,9.50,198,0,35.0,0,425.4,0,1,1
2026-09-14T06:16:29.693016,1746345,77,9.49,78,0,35.1,0,413.7,0,1,1
2026-09-14T06:16:30.699553,1747351,77,9.60,119,0,35.1,0,436.7,0,1,1
2026-09-14T06:16:31.706165,1748358,77,9.60,86,0,35.1,0,325.6,0,1,1
2026-09-14T06:16:32.711671,1749363,77,9.57,142,0,35.1,0,140.1,0,1,1
2026-09-14T06:16:33.718328,1750370,77,9.59,175,0,35.0,0,148.7,0,1,1
2026-09-14T06:16:34.724802,1751376,77,9.59,175,0,35.0,0,148.7,0,1,1
2026-09-14T06:16:35.730524,1752382,77,9.62,175,0,35.0,0,148.7,0,1,1
2026-09-14T06:16:36.736994,1753388,77,9.57,198,0,35.0,0,124.4,0,1,1
2026-09-14T06:16:37.742591,1754394,77,9.58,69,0,34.9,0,169.0,0,1,1
2026-09-14T06:16:38.749110,1755400,77,9.60,85,0,34.9,0,172.0,0,1,1
2026-09-14T06:16:39.754733,1756406,77,9.64,69,0,35.1,0,183.6,0,1,1
2026-09-14T06:16:40.761261,1757412,77,9.58,72,0,35.1,0,177.9,0,1,1
2026-09-14T06:16:41.766909,1758418,77,9.60,76,0,35.0,0,163.4,0,1,1
2026-09-14T06:16:42.773432,1759424,77,9.66,57,0,35.0,0,174.9,0,1,1
2026-09-14T06:16:43.780018,1760431,77,9.57,42,0,35.1,0,192.3,0,1,1
2026-09-14T06:16:44.785503,1761436,77,9.58,74,0,35.1,0,232.6,0,1,1
2026-09-14T06:16:45.792164,1762443,77,9.58,76,0,35.1,0,212.7,0,1,1
2026-09-14T06:16:47.562927,1764213,77,9.57,66,0,35.1,0,207.3,0,1,1
2026-09-14T06:16:48.568803,1765219,77,9.59,33,0,34.9,0,325.1,0,1,1
2026-09-14T06:16:49.575880,1766226,77,9.58,85,0,34.9,0,434.6,0,1,1
2026-09-14T06:16:50.581961,1767232,77,9.56,135,0,34.9,0,339.7,0,1,1
2026-09-14T06:16:51.588050,1768238,77,9.64,58,0,34.9,0,420.0,0,1,1
2026-09-14T06:16:52.594129,1769244,77,9.60,67,0,35.1,0,422.6,0,1,1
2026-09-14T06:16:53.600187,1770250,77,9.65,85,0,35.1,0,247.3,0,1,1
2026-09-14T06:16:54.606271,1771256,77,9.52,198,0,35.1,0,247.1,0,1,1
2026-09-14T06:16:55.612354,1772262,77,9.56,198,0,35.1,0,270.0,0,1,1
2026-09-14T06:16:56.618402,1773268,77,9.59,80,0,34.9,0,313.1,0,1,1
2026-09-14T06:16:57.625495,1774275,77,9.63,102,0,34.9,0,301.4,0,1,1
2026-09-14T06:16:58.631563,1775281,77,9.56,53,0,34.9,0,370.4,0,1,1
2026-09-14T06:16:59.637653,1776287,77,9.63,186,0,34.9,0,353.3,0,1,1
2026-09-14T06:17:00.643779,1777293,77,9.57,186,0,35.1,0,353.3,0,1,1
2026-09-14T06:17:01.649832,1778299,77,9.57,186,0,35.1,0,353.3,0,1,1
2026-09-14T06:17:02.655897,1779305,77,9.63,114,0,34.9,0,313.0,0,1,1
2026-09-14T06:17:03.661909,1780311,77,9.55,78,0,34.9,0,284.4,0,1,1
2026-09-14T06:17:04.669012,1781318,77,9.57,114,0,35.0,0,270.3,0,1,1
2026-09-14T06:17:05.675074,1782324,77,9.61,57,0,35.0,0,327.7,0,1,1
2026-09-14T06:17:07.627387,1784276,77,9.57,57,0,35.1,0,327.7,0,1,1
2026-09-14T06:17:08.633259,1785282,77,9.63,106,0,35.1,0,298.9,0,1,1
2026-09-14T06:17:09.639411,1786288,77,9.59,198,0,35.1,0,267.4,0,1,1
2026-09-14T06:17:10.645426,1787294,77,9.60,99,0,34.9,0,249.7,0,1,1
2026-09-14T06:17:11.651491,1788300,77,9.61,70,0,34.9,0,184.0,0,1,1
2026-09-14T06:17:12.657632,1789306,77,9.61,186,0,35.0,0,178.3,0,1,1
2026-09-14T06:17:13.663653,1790312,77,9.61,106,0,35.0,0,187.1,0,1,1
2026-09-14T06:17:14.669726,1791318,77,9.54,54,0,34.9,0,264.4,0,1,1
2026-09-14T06:17:15.675799,1792324,77,9.60,175,0,34.9,0,304.7,0,1,1
2026-09-14T06:17:16.682884,1793331,77,9.61,102,0,34.9,0,330.6,0,1,1
2026-09-14T06:17:17.688945,1794337,77,9.59,135,0,34.9,0,482.9,0,1,1
2026-09-14T06:17:18.694974,1795343,77,9.60,135,0,35.0,0,482.9,0,1,1
2026-09-14T06:17:19.701090,1796349,77,9.61,35,0,35.0,0,626.7,0,1,1
2026-09-14T06:17:20.707224,1797355,77,9.63,45,0,35.1,0,604.0,0,1,1
2026-09-14T06:17:21.713267,1798361,77,9.58,106,0,35.1,0,601.3,0,1,1
2026-09-14T06:17:22.719316,1799367,77,9.58,106,0,34.9,0,601.3,0,1,1
2026-09-14T06:17:23.725399,1800373,77,9.58,93,0,34.9,0,624.3,0,1,1
2026-09-14T06:17:24.732442,1801380,77,9.59,67,0,35.0,0,535.0,0,1,1
2026-09-14T06:17:25.738556,1802386,77,9.53,135,0,35.0,0,370.7,0,1,1
2026-09-14T06:17:27.609871,1804257,77,9.61,135,0,35.1,0,370.7,0,1,1
2026-09-14T06:17:28.615764,1805263,77,9.60,114,0,35.1,0,275.7,0,1,1
2026-09-14T06:17:29.621818,1806269,77,9.59,157,0,35.1,0,209.6,0,1,1
2026-09-14T06:17:30.627882,1807275,77,9.59,91,0,35.1,0,173.6,0,1,1
2026-09-14T06:17:31.633995,1808281,77,9.61,90,0,35.1,0,215.9,0,1,1
2026-09-14T06:17:32.641039,1809288,77,9.62,62,0,35.0,0,256.1,0,1,1
2026-09-14T06:17:33.647144,1810294,77,9.59,66,0,35.0,0,263.1,0,1,1
2026-09-14T06:17:34.653197,1811300,77,9.60,198,0,35.1,0,319.4,0,1,1
2026-09-14T06:17:35.659215,1812306,77,9.60,119,0,35.1,0,309.4,0,1,1
2026-09-14T06:17:36.665289,1813312,77,9.63,199,0,35.1,0,327.9,0,1,1
2026-09-14T06:17:37.671428,1814318,77,9.64,142,0,35.1,0,359.6,0,1,1
2026-09-14T06:17:38.677510,1815324,77,9.59,106,0,35.1,0,302.1,0,1,1
2026-09-14T06:17:39.683563,1816330,77,9.59,40,0,35.1,0,402.9,0,1,1
2026-09-14T06:17:40.689624,1817336,77,9.53,70,0,35.1,0,425.7,0,1,1
2026-09-14T06:17:41.695745,1818342,77,9.59,71,0,35.1,0,330.9,0,1,1
2026-09-14T06:17:42.702825,1819349,77,9.64,80,0,35.1,0,307.7,0,1,1
2026-09-14T06:17:43.708868,1820355,77,9.59,110,0,35.1,0,385.6,0,1,1
2026-09-14T06:17:44.714921,1821361,77,9.58,70,0,35.0,0,408.7,0,1,1
2026-09-14T06:17:45.721009,1822367,77,9.63,102,0,35.0,0,308.6,0,1,1
2026-09-14T06:17:47.672764,1824319,77,9.62,102,0,35.1,0,308.6,0,1,1
2026-09-14T06:17:48.679209,1825325,77,9.61,102,0,35.1,0,308.6,0,1,1
2026-09-14T06:17:49.685799,1826332,77,9.58,80,0,35.1,0,351.3,0,1,1
2026-09-14T06:17:50.691400,1827337,77,9.50,124,0,35.1,0,302.3,0,1,1
2026-09-14T06:17:51.697964,1828344,77,9.48,124,0,35.1,0,302.3,0,1,1
2026-09-14T06:17:52.704466,1829350,77,9.63,36,0,35.1,0,425.7,0,1,1
2026-09-14T06:17:53.710101,1830356,77,9.62,69,0,35.0,0,460.0,0,1,1
2026-09-14T06:17:54.716613,1831362,77,9.63,36,0,35.0,0,531.7,0,1,1
2026-09-14T06:17:55.722238,1832368,77,9.57,47,0,35.1,0,546.3,0,1,1
2026-09-14T06:17:56.728788,1833374,77,9.54,186,0,35.1,0,603.7,0,1,1
2026-09-14T06:17:57.734404,1834380,77,9.59,198,0,35.1,0,474.3,0,1,1
2026-09-14T06:17:58.740936,1835386,77,9.42,72,0,35.1,0,436.9,0,1,1
2026-09-14T06:17:59.747573,1836393,77,9.59,102,0,35.1,0,304.6,0,1,1
2026-09-14T06:18:00.754072,1837399,0,9.59,198,0,35.1,0,273.1,0,0,1
2026-09-14T06:18:01.759759,1838405,0,9.57,69,0,34.9,0,324.9,0,1,1
2026-09-14T06:18:02.766191,1839411,0,9.56,186,0,34.9,0,296.1,0,1,1
2026-09-14T06:18:03.771806,1840417,0,9.57,87,0,34.9,0,345.0,0,1,1
2026-09-14T06:18:04.778344,1841423,0,9.57,69,0,34.9,0,339.1,0,1,1
2026-09-14T06:18:05.784919,1842430,0,9.61,62,0,34.9,0,321.9,0,1,1
2026-09-14T06:18:07.638734,1844283,0,9.54,62,0,34.9,0,321.9,0,1,1
2026-09-14T06:18:08.642636,1845287,0,9.62,165,0,34.9,0,267.3,0,1,1
2026-09-14T06:18:09.648644,1846293,0,9.57,90,0,34.9,0,238.6,0,1,1
2026-09-14T06:18:10.654790,1847299,0,9.58,67,0,34.9,0,218.6,0,1,1
2026-09-14T06:18:11.664080,1848305,0,9.55,186,0,34.9,0,258.9,0,1,1
2026-09-14T06:18:12.666918,1849311,0,9.62,199,0,35.1,0,233.3,0,1,1
2026-09-14T06:18:13.673001,1850317,0,9.56,67,0,35.1,0,314.0,0,1,1
2026-09-14T06:18:14.679080,1851323,0,9.59,78,0,35.1,0,285.4,0,1,1
2026-09-14T06:18:15.686118,1852330,0,9.58,58,0,35.1,0,291.3,0,1,1
2026-09-14T06:18:16.692239,1853336,0,9.69,58,0,35.1,0,291.3,0,1,1
2026-09-14T06:18:17.698274,1854342,0,9.67,96,0,35.1,0,463.4,0,1,1
2026-09-14T06:18:18.704343,1855348,0,9.70,53,0,34.9,0,500.7,0,1,1
2026-09-14T06:18:19.710480,1856354,0,9.52,76,0,34.9,0,512.0,0,1,1
2026-09-14T06:18:20.717520,1857361,0,9.64,106,0,35.0,0,460.1,0,1,1
2026-09-14T06:18:21.723657,1858367,82,9.64,49,0,35.0,0,534.9,0,1,1
2026-09-14T06:18:22.729672,1859373,76,9.63,50,0,35.1,0,500.3,0,1,1
2026-09-14T06:18:23.735823,1860379,76,9.49,175,0,35.1,0,368.3,0,1,1
2026-09-14T06:18:24.741801,1861385,72,9.53,59,0,35.1,0,391.3,0,1,1
2026-09-14T06:18:25.748894,1862392,63,9.89,114,0,35.1,0,411.4,0,1,1
2026-09-14T06:18:27.620210,1864263,63,9.77,114,0,35.1,0,411.4,0,1,1
2026-09-14T06:18:28.626104,1865269,63,9.62,198,0,35.2,0,319.1,0,1,1
2026-09-14T06:18:29.632225,1866275,66,9.67,186,0,35.2,0,256.3,0,1,1
2026-09-14T06:18:30.638222,1867281,68,9.57,90,0,35.3,0,210.3,0,1,1
2026-09-14T06:18:31.645265,1868288,68,9.58,93,0,35.3,0,144.1,0,1,1
2026-09-14T06:18:32.651419,1869294,70,9.61,50,0,35.3,0,213.1,0,1,1
2026-09-14T06:18:33.657457,1870300,70,9.57,50,0,35.3,0,190.1,0,1,1
2026-09-14T06:18:34.663535,1871306,52,9.56,76,0,35.2,1,247.4,0,1,1
2026-09-14T06:18:35.669562,1872312,56,9.59,186,0,35.2,0,252.9,1,1,1
2026-09-14T06:18:36.675662,1873318,71,9.51,93,0,35.3,0,270.0,0,1,1
2026-09-14T06:18:37.682719,1874325,71,9.56,69,0,35.3,0,224.1,0,1,1
2026-09-14T06:18:38.688803,1875331,79,9.55,142,0,35.1,0,230.1,0,1,1
2026-09-14T06:18:39.694921,1876337,87,9.57,142,0,35.1,0,230.1,0,1,1
2026-09-14T06:18:40.700979,1877343,87,9.58,40,0,35.1,0,379.7,0,1,1
2026-09-14T06:18:41.707124,1878349,87,9.59,124,0,35.1,0,397.0,0,1,1
2026-09-14T06:18:42.713105,1879355,87,9.58,157,0,35.1,0,368.3,0,1,1
2026-09-14T06:18:43.720247,1880362,94,9.54,76,0,35.1,0,362.4,0,1,1
2026-09-14T06:18:44.726304,1881368,94,9.61,165,0,35.1,0,273.3,0,1,1
2026-09-14T06:18:45.732322,1882374,77,9.57,70,0,35.1,0,247.6,0,1,1
2026-09-14T06:18:47.583638,1884225,77,9.63,59,0,35.1,0,224.4,0,1,1
2026-09-14T06:18:48.589523,1885231,77,9.58,59,0,34.9,0,224.4,0,1,1
2026-09-14T06:18:49.596602,1886238,77,9.54,80,0,34.9,0,253.1,0,1,1
2026-09-14T06:18:50.602746,1887244,72,9.58,34,0,35.0,0,388.0,0,1,1
2026-09-14T06:18:51.608804,1888250,65,9.58,135,0,35.0,0,554.6,0,1,1
2026-09-14T06:18:52.614824,1889256,73,9.58,75,0,35.1,0,496.0,0,1,1
2026-09-14T06:18:53.620889,1890262,78,9.57,75,0,35.1,0,496.0,0,1,1
2026-09-14T06:18:54.627001,1891268,71,9.55,198,0,35.1,0,715.9,0,1,1
2026-09-14T06:18:55.633063,1892274,75,9.52,106,0,35.1,0,612.4,0,1,1
2026-09-14T06:18:56.639110,1893280,68,9.58,67,0,35.0,0,446.0,0,1,1
2026-09-14T06:18:57.645224,1894286,68,9.54,198,0,35.0,0,519.0,0,1,1
2026-09-14T06:18:58.652259,1895293,68,9.57,35,0,34.9,0,659.6,0,1,1
2026-09-14T06:18:59.658365,1896299,63,9.58,106,0,34.9,0,718.9,0,1,1
2026-09-14T06:19:00.664449,1897305,65,9.66,66,0,34.9,0,592.4,0,1,1
2026-09-14T06:19:01.670443,1898311,63,9.54,80,0,34.9,0,578.0,0,1,1
2026-09-14T06:19:02.676507,1899317,63,9.62,99,0,35.1,0,597.9,0,1,1
2026-09-14T06:19:03.682602,1900323,63,9.56,99,0,35.1,0,597.9,0,1,1
2026-09-14T06:19:04.689704,1901330,73,9.55,100,0,34.9,0,512.3,0,1,1
2026-09-14T06:19:05.695824,1902336,73,9.59,85,0,34.9,0,364.0,0,1,1
2026-09-14T06:19:07.753117,1904393,64,9.55,157,0,35.0,0,355.3,0,1,1
2026-09-14T06:19:08.755034,1905395,64,9.58,35,0,35.1,0,516.4,0,1,1
2026-09-14T06:19:09.761075,1906401,63,9.54,35,0,35.1,0,516.4,0,1,1
2026-09-14T06:19:10.767145,1907407,60,9.59,35,0,35.2,0,516.4,0,1,1
2026-09-14T06:19:11.773231,1908413,60,9.59,199,0,35.2,0,570.1,0,1,1
2026-09-14T06:19:12.779375,1909419,66,10.04,114,0,35.1,0,501.9,1,1,1
2026-09-14T06:19:13.786357,1910426,66,9.57,85,0,35.1,0,630.0,1,1,1
2026-09-14T06:19:14.792495,1911432,66,9.55,135,0,35.0,0,451.7,0,1,1
2026-09-14T06:19:15.798531,1912438,66,9.55,53,0,35.0,0,388.3,0,1,1
2026-09-14T06:19:16.804557,1913444,66,9.53,53,0,35.0,0,388.3,0,1,1
2026-09-14T06:19:17.810648,1914450,72,9.58,39,0,35.0,0,405.6,0,1,1
2026-09-14T06:19:18.816723,1915456,73,9.57,69,0,35.1,0,468.7,0,1,1
2026-09-14T06:19:19.822799,1916462,74,9.51,99,0,35.1,0,394.0,0,1,1
2026-09-14T06:19:20.828931,1917468,74,10.03,69,0,34.9,0,416.9,0,1,1
2026-09-14T06:19:21.835964,1918475,71,9.55,186,0,34.9,0,339.4,0,1,1
2026-09-14T06:19:22.841960,1919481,71,9.59,76,0,35.1,0,310.4,0,1,1
2026-09-14T06:19:23.848068,1920487,71,9.58,76,0,35.1,0,307.7,0,1,1
2026-09-14T06:19:24.854195,1921493,71,9.66,53,0,35.1,0,273.3,0,1,1
2026-09-14T06:19:25.860278,1922499,71,9.54,106,0,35.1,0,310.6,0,1,1
2026-09-14T06:19:27.833078,1924472,73,10.29,71,0,35.1,0,313.4,0,1,1
2026-09-14T06:19:28.839450,1925478,73,9.57,71,0,35.1,0,313.4,0,1,1
2026-09-14T06:19:29.845163,1926484,73,9.28,119,0,35.1,0,362.1,0,1,1
2026-09-14T06:19:30.851545,1927490,79,9.54,39,0,35.1,0,431.1,0,1,1
2026-09-14T06:19:31.857233,1928496,73,9.62,39,0,34.9,0,431.1,0,1,1
2026-09-14T06:19:32.863738,1929502,73,9.46,39,0,34.9,0,431.1,0,1,1
2026-09-14T06:19:33.870363,1930509,75,9.69,80,0,35.1,0,477.3,0,1,1
2026-09-14T06:19:34.875951,1931514,80,9.00,56,0,35.1,0,523.0,0,1,1
2026-09-14T06:19:35.882531,1932521,80,9.53,56,0,35.1,0,523.0,0,1,1
2026-09-14T06:19:36.888045,1933526,80,10.01,38,0,35.1,0,546.1,0,1,1
2026-09-14T06:19:37.894660,1934533,80,9.54,96,0,35.2,0,600.9,0,1,1
2026-09-14T06:19:38.901164,1935539,0,9.89,49,0,35.2,0,644.1,0,1,1
2026-09-14T06:19:39.906850,1936545,0,9.57,74,0,35.0,0,506.1,0,1,1
2026-09-14T06:19:40.913387,1937551,0,9.73,198,0,35.0,0,420.0,0,1,1
2026-09-14T06:19:41.919891,1938558,0,9.62,78,0,35.0,0,414.1,0,1,1
2026-09-14T06:19:42.925436,1939563,0,9.58,76,0,35.0,0,281.7,0,1,1
2026-09-14T06:19:43.932109,1940570,0,9.57,114,0,35.1,0,183.6,0,1,1
2026-09-14T06:19:44.938710,1941576,0,9.59,165,0,35.1,0,200.9,0,1,1
2026-09-14T06:19:45.944225,1942582,0,9.61,51,0,35.1,0,315.7,0,1,1
2026-09-14T06:19:47.694984,1944332,0,9.62,51,0,35.1,0,315.7,0,1,1
2026-09-14T06:19:48.701910,1945339,0,9.62,51,0,35.1,0,315.7,0,1,1
2026-09-14T06:19:49.707995,1946345,0,9.56,82,0,35.1,0,307.0,0,1,1
2026-09-14T06:19:50.714086,1947351,0,9.42,152,0,35.1,0,316.7,0,1,1
2026-09-14T06:19:51.720163,1948357,0,9.61,152,0,35.1,0,316.7,0,1,1
2026-09-14T06:19:52.726160,1949363,0,9.59,35,0,35.1,0,479.1,0,1,1
2026-09-14T06:19:53.732228,1950369,0,9.47,35,0,35.1,0,479.1,0,1,1
2026-09-14T06:19:54.738319,1951375,0,9.61,35,0,35.1,0,479.1,0,1,1
2026-09-14T06:19:55.744417,1952381,71,9.63,67,0,35.1,0,573.9,0,1,1
2026-09-14T06:19:56.751503,1953388,71,9.09,41,0,35.1,0,631.4,0,1,1
2026-09-14T06:19:57.757625,1954394,71,9.77,165,0,35.1,0,604.6,0,1,1
2026-09-14T06:19:58.763670,1955400,71,9.59,175,0,35.0,0,494.3,0,1,1
2026-09-14T06:19:59.769714,1956406,71,9.74,175,0,35.0,0,494.3,0,1,1
2026-09-14T06:20:00.776764,1957413,73,9.62,45,0,34.9,0,520.3,0,1,1
2026-09-14T06:20:01.782854,1958419,72,9.53,76,0,34.9,0,356.4,0,1,1
2026-09-14T06:20:02.788920,1959425,57,9.68,90,0,34.9,0,370.9,0,1,1
2026-09-14T06:20:03.794994,1960431,68,9.60,90,0,34.9,0,370.9,0,1,1
2026-09-14T06:20:04.802075,1961438,64,9.52,142,0,35.0,0,678.7,0,1,1
2026-09-14T06:20:05.808133,1962444,64,9.62,99,0,35.0,0,497.7,0,1,1
2026-09-14T06:20:07.761458,1964397,64,9.93,99,0,35.1,0,497.7,0,1,1
2026-09-14T06:20:08.766376,1965402,64,9.38,114,0,35.0,0,437.4,0,1,1
2026-09-14T06:20:09.772452,1966408,55,9.74,114,0,35.0,0,437.4,0,1,1
2026-09-14T06:20:10.779555,1967415,55,9.61,114,0,35.1,0,437.4,0,1,1
2026-09-14T06:20:11.785613,1968421,55,9.56,198,0,35.1,0,466.1,0,1,1
2026-09-14T06:20:12.791662,1969427,55,9.67,124,0,35.1,0,474.7,0,1,1
2026-09-14T06:20:13.797733,1970433,64,9.64,67,0,35.1,0,359.7,1,1,1
2026-09-14T06:20:14.804786,1971440,64,9.58,32,0,35.1,0,293.3,1,1,1
2026-09-14T06:20:15.810883,1972446,64,9.59,102,0,35.1,0,531.7,1,1,1
2026-09-14T06:20:16.816980,1973452,64,9.64,52,0,35.1,0,600.6,1,1,1
2026-09-14T06:20:17.823021,1974458,64,9.67,99,0,35.1,0,646.7,0,1,1
2026-09-14T06:20:18.829136,1975464,64,9.46,119,0,35.0,0,623.9,0,1,1
2026-09-14T06:20:19.836173,1976471,64,9.42,106,0,35.0,0,491.9,0,1,1
2026-09-14T06:20:20.842236,1977477,67,9.55,91,0,35.1,0,280.4,0,1,1
2026-09-14T06:20:21.848291,1978483,59,9.46,46,0,35.1,0,329.6,0,1,1
2026-09-14T06:20:22.854393,1979489,65,9.44,46,0,35.1,0,329.6,0,1,1
2026-09-14T06:20:23.860465,1980495,68,9.51,110,0,35.1,0,440.0,0,1,1
2026-09-14T06:20:24.867531,1981502,68,9.68,85,0,35.1,0,440.0,0,1,1
2026-09-14T06:20:25.873615,1982508,68,9.59,96,0,35.1,0,445.4,0,1,1
2026-09-14T06:20:27.744911,1984379,68,9.33,96,0,35.1,0,445.4,0,1,1
2026-09-14T06:20:28.750834,1985385,68,9.64,198,0,34.9,0,478.7,0,1,1
2026-09-14T06:20:29.756876,1986391,68,9.65,63,0,34.9,0,481.3,0,1,1
2026-09-14T06:20:30.764017,1987398,64,9.59,63,0,35.2,0,481.3,0,1,1
2026-09-14T06:20:31.770020,1988404,82,9.57,63,0,35.2,0,481.3,0,1,1
2026-09-14T06:20:32.776082,1989410,74,9.62,63,0,35.1,0,481.3,0,1,1
2026-09-14T06:20:33.782237,1990416,77,9.59,85,0,35.1,0,434.1,0,1,1
2026-09-14T06:20:34.788252,1991422,77,9.62,141,0,35.0,0,287.4,0,1,1
2026-09-14T06:20:35.794324,1992428,77,9.77,54,0,35.0,0,362.0,0,1,1
2026-09-14T06:20:36.801387,1993435,77,9.54,54,0,35.1,0,362.0,0,1,1
2026-09-14T06:20:37.807506,1994441,77,9.58,54,0,35.1,0,362.0,0,1,1
2026-09-14T06:20:38.813529,1995447,63,9.60,54,0,35.0,0,362.0,0,1,1
2026-09-14T06:20:39.819591,1996453,62,9.58,67,0,35.0,0,373.7,0,1,1
2026-09-14T06:20:40.825688,1997459,64,9.59,67,0,34.9,0,373.7,0,1,1
2026-09-14T06:20:41.831887,1998465,70,9.58,67,0,34.9,0,373.7,0,1,1
2026-09-14T06:20:42.838868,1999472,70,9.59,82,0,35.0,0,365.1,0,1,1
2026-09-14T06:20:43.844901,2000478,72,9.61,82,0,35.0,0,365.1,0,1,1
2026-09-14T06:20:44.850973,2001484,72,9.57,82,0,35.1,0,365.1,0,1,1
2026-09-14T06:20:45.857054,2002490,78,9.59,82,0,35.1,0,365.1,0,1,1
2026-09-14T06:20:47.909869,2004543,78,9.63,82,0,34.9,0,365.1,0,1,1
2026-09-14T06:20:48.916266,2005549,78,9.55,82,0,34.9,0,365.1,0,1,1
2026-09-14T06:20:49.921921,2006555,71,9.61,82,0,35.1,0,365.1,0,1,1
2026-09-14T06:20:50.928419,2007561,69,9.56,82,0,35.1,0,365.1,0,1,1
2026-09-14T06:20:51.935045,2008568,69,9.58,82,0,35.1,0,365.1,0,1,1
2026-09-14T06:20:52.940532,2009573,70,9.57,82,0,35.1,0,365.1,0,1,1
2026-09-14T06:20:53.947244,2010580,71,9.54,82,0,34.9,0,365.1,0,1,1
2026-09-14T06:20:54.954126,2011586,71,9.57,110,0,34.9,0,345.0,0,1,1
2026-09-14T06:20:55.959324,2012592,71,9.54,46,0,34.9,0,359.4,0,1,1
2026-09-14T06:20:56.965863,2013598,75,9.57,46,0,34.9,0,359.4,0,1,1
2026-09-14T06:20:57.972475,2014605,80,9.58,46,0,35.0,0,359.4,0,1,1
2026-09-14T06:20:58.979042,2015611,76,9.59,46,0,35.0,0,359.4,0,1,1
2026-09-14T06:20:59.984613,2016617,91,9.58,46,0,35.0,0,359.4,0,1,1
2026-09-14T06:21:00.991151,2017623,76,9.60,34,0,35.0,0,388.1,0,1,1
2026-09-14T06:21:01.997783,2018630,76,9.54,34,0,35.1,0,388.1,0,1,1
2026-09-14T06:21:03.004282,2019636,76,9.56,34,0,35.1,0,388.1,0,1,1
2026-09-14T06:21:04.009926,2020642,76,9.59,34,0,34.9,0,388.1,0,1,1
2026-09-14T06:21:05.016482,2021648,76,9.57,34,0,34.9,0,388.1,0,1,1
2026-09-14T06:21:06.022068,2022654,76,9.52,34,0,34.9,0,388.1,0,1,1
2026-09-14T06:21:07.772823,2024404,76,9.55,34,0,34.9,0,388.1,0,1,1
2026-09-14T06:21:08.778728,2025410,76,9.57,34,0,35.0,0,388.1,0,1,1
2026-09-14T06:21:09.785785,2026417,69,9.61,34,0,35.0,0,388.1,0,1,1
2026-09-14T06:21:10.791875,2027423,70,9.54,34,0,34.9,0,388.1,0,1,1
2026-09-14T06:21:11.797914,2028429,59,9.57,34,0,34.9,0,388.1,0,1,1
2026-09-14T06:21:12.803995,2029435,66,9.59,34,0,35.0,0,388.1,0,1,1
2026-09-14T06:21:13.810085,2030441,75,9.54,34,0,35.0,0,388.1,0,1,1
2026-09-14T06:21:14.816167,2031447,71,9.59,32,0,35.0,0,368.0,0,1,1
2026-09-14T06:21:15.823215,2032454,72,9.62,37,0,35.0,0,310.3,0,1,1
2026-09-14T06:21:16.829325,2033460,70,9.59,142,0,35.1,0,445.6,0,1,1
2026-09-14T06:21:17.835405,2034466,73,9.61,36,0,35.1,0,598.0,0,1,1
2026-09-14T06:21:18.841403,2035472,70,9.59,36,0,34.9,0,598.0,0,1,1
2026-09-14T06:21:19.847536,2036478,76,9.59,157,0,34.9,0,646.9,0,1,1
2026-09-14T06:21:20.853610,2037484,69,9.52,157,0,34.9,0,646.9,0,1,1
2026-09-14T06:21:21.859661,2038490,76,9.56,43,0,34.9,0,727.4,0,1,1
2026-09-14T06:21:22.866731,2039497,68,9.55,43,0,35.1,0,727.4,0,1,1
2026-09-14T06:21:23.872797,2040503,68,9.63,32,0,35.1,0,770.6,0,1,1
2026-09-14T06:21:24.878883,2041509,72,9.57,32,0,35.0,0,770.6,0,1,1
2026-09-14T06:21:25.884988,2042515,73,9.55,32,0,35.0,0,770.6,0,1,1
2026-09-14T06:21:27.857329,2044487,73,9.57,32,0,34.9,0,770.6,0,1,1
2026-09-14T06:21:28.864170,2045494,73,9.57,32,0,34.9,0,770.6,0,1,1
2026-09-14T06:21:29.870242,2046500,78,9.59,32,0,34.9,0,770.6,0,1,1
2026-09-14T06:21:30.876318,2047506,74,9.58,32,0,34.9,0,770.6,0,1,1
2026-09-14T06:21:31.882381,2048512,80,9.58,32,0,34.9,0,770.6,0,1,1
2026-09-14T06:21:32.888476,2049518,76,9.60,32,0,34.9,0,770.6,0,1,1
2026-09-14T06:21:33.894511,2050524,76,9.57,32,0,34.9,0,770.6,0,1,1
2026-09-14T06:21:34.900606,2051530,76,9.58,32,0,34.7,0,770.6,0,1,1
2026-09-14T06:21:35.906694,2052536,76,9.59,32,0,34.7,0,770.6,0,1,1
2026-09-14T06:21:36.912821,2053542,79,9.56,175,0,34.9,0,776.3,0,1,1
2026-09-14T06:21:37.919838,2054549,73,9.57,175,0,34.9,0,776.3,0,1,1
2026-09-14T06:21:38.925979,2055555,60,9.61,175,0,35.0,0,776.3,0,1,1
2026-09-14T06:21:39.931997,2056561,63,9.58,175,0,35.0,0,776.3,0,1,1
2026-09-14T06:21:40.938078,2057567,64,9.56,175,0,35.1,0,776.3,0,1,1
2026-09-14T06:21:41.944113,2058573,66,9.64,175,0,35.1,0,776.3,0,1,1
2026-09-14T06:21:42.950208,2059579,76,9.59,175,0,34.9,0,776.3,0,1,1
2026-09-14T06:21:43.957345,2060586,75,9.58,124,0,34.9,0,621.0,0,1,1
2026-09-14T06:21:44.963434,2061592,71,9.60,124,0,34.7,0,621.0,0,1,1
2026-09-14T06:21:45.969539,2062598,69,9.60,124,0,34.7,0,621.0,0,1,1
2026-09-14T06:21:47.820738,2064449,69,9.60,124,0,34.7,0,621.0,0,1,1
2026-09-14T06:21:48.826636,2065455,88,9.56,124,0,34.9,0,621.0,0,1,1
2026-09-14T06:21:49.833721,2066462,83,9.58,124,0,34.9,0,621.0,0,1,1
2026-09-14T06:21:50.839851,2067468,80,9.56,124,0,34.9,0,621.0,0,1,1
2026-09-14T06:21:51.845962,2068474,81,9.60,142,0,34.9,0,618.3,0,1,1
2026-09-14T06:21:52.852014,2069480,65,9.55,142,0,34.9,0,618.3,0,1,1
2026-09-14T06:21:53.858065,2070486,66,9.57,142,0,34.9,0,618.3,0,1,1
2026-09-14T06:21:54.864127,2071492,70,9.56,142,0,34.9,0,618.3,0,1,1
2026-09-14T06:21:55.870190,2072498,71,9.57,119,0,34.9,0,460.1,0,1,1
2026-09-14T06:21:56.877246,2073505,69,9.50,119,0,34.9,0,460.1,0,1,1
2026-09-14T06:21:57.883293,2074511,74,9.77,35,0,34.9,0,488.7,0,1,1
2026-09-14T06:21:58.889332,2075517,69,9.58,35,0,34.9,0,488.7,0,1,1
2026-09-14T06:21:59.895476,2076523,76,9.58,35,0,34.9,0,488.7,0,1,1
2026-09-14T06:22:00.901499,2077529,73,9.56,55,0,34.9,0,514.7,0,1,1
2026-09-14T06:22:01.908587,2078536,79,9.61,186,0,34.9,0,592.3,0,1,1
2026-09-14T06:22:02.914647,2079542,72,9.55,186,0,35.0,0,592.3,0,1,1
2026-09-14T06:22:03.920739,2080548,75,9.58,186,0,35.0,0,592.3,0,1,1
2026-09-14T06:22:04.926815,2081554,73,9.57,186,0,35.0,0,592.3,0,1,1
2026-09-14T06:22:05.933868,2082561,75,9.60,31,0,35.0,0,635.4,0,1,1
2026-09-14T06:22:07.885647,2084513,78,9.53,31,0,34.9,0,635.4,0,1,1
2026-09-14T06:22:08.892138,2085519,78,9.58,31,0,34.9,0,635.4,0,1,1
2026-09-14T06:22:09.897712,2086525,78,9.56,31,0,35.0,0,635.4,0,1,1
2026-09-14T06:22:10.904266,2087531,74,9.57,31,0,35.0,0,635.4,0,1,1
2026-09-14T06:22:11.910832,2088538,79,9.57,31,0,34.9,0,635.4,0,1,1
2026-09-14T06:22:12.916352,2089543,75,9.58,31,0,34.9,0,635.4,0,1,1
2026-09-14T06:22:13.923009,2090550,77,9.64,31,0,35.0,0,635.4,0,1,1
2026-09-14T06:22:14.929523,2091556,70,9.59,31,0,35.0,0,635.4,0,1,1
2026-09-14T06:22:15.935165,2092562,72,9.60,110,0,35.1,0,808.0,0,1,1
2026-09-14T06:22:16.941688,2093568,67,9.59,110,0,35.1,0,808.0,0,1,1
2026-09-14T06:22:17.948304,2094575,69,9.55,110,0,35.1,0,808.0,0,1,1
2026-09-14T06:22:18.953901,2095580,73,9.58,110,0,35.1,0,808.0,0,1,1
2026-09-14T06:22:19.960449,2096587,73,9.57,110,0,34.9,0,808.0,0,1,1
2026-09-14T06:22:20.966964,2097593,69,9.61,110,0,34.9,0,808.0,0,1,1
2026-09-14T06:22:21.972517,2098599,73,9.54,96,0,34.9,0,810.9,0,1,1
2026-09-14T06:22:22.979102,2099605,67,9.51,45,0,34.9,0,899.9,0,1,1
2026-09-14T06:22:23.985770,2100612,68,9.61,45,0,34.9,0,899.9,0,1,1
2026-09-14T06:22:24.991242,2101617,68,9.49,45,0,34.9,0,899.9,0,1,1
2026-09-14T06:22:25.997875,2102624,72,9.55,45,0,35.1,0,899.9,0,1,1
2026-09-14T06:22:27.869657,2104495,72,9.58,45,0,35.1,0,899.9,0,1,1
2026-09-14T06:22:28.875504,2105501,72,9.65,45,0,35.0,0,899.9,0,1,1
2026-09-14T06:22:29.881617,2106507,74,9.75,45,0,35.0,0,899.9,0,1,1
2026-09-14T06:22:30.887713,2107513,74,9.16,199,0,34.9,0,785.0,0,1,1
2026-09-14T06:22:31.894758,2108520,68,9.23,80,0,34.9,0,739.3,0,1,1
2026-09-14T06:22:32.900818,2109526,68,9.57,93,0,35.0,0,348.1,0,1,1
2026-09-14T06:22:33.906980,2110532,68,9.45,93,0,35.0,0,348.1,0,1,1
2026-09-14T06:22:34.912975,2111538,68,9.68,75,0,35.0,0,360.1,0,1,1
2026-09-14T06:22:35.920077,2112545,68,9.32,199,0,35.0,0,284.3,0,1,1
2026-09-14T06:22:36.926155,2113551,73,9.44,199,0,34.9,0,284.3,0,1,1
2026-09-14T06:22:37.932246,2114557,66,9.57,32,0,34.9,0,445.3,0,1,1
2026-09-14T06:22:38.938301,2115563,75,9.47,165,0,34.9,0,635.1,0,1,1
